,mean_fit_time,std_fit_time,mean_score_time,std_score_time,param_NN__alpha,param_NN__hidden_layer_sizes,param_gmm__n_components,params,split0_test_score,split1_test_score,split2_test_score,split3_test_score,split4_test_score,mean_test_score,std_test_score,rank_test_score,split0_train_score,split1_train_score,split2_train_score,split3_train_score,split4_train_score,mean_train_score,std_train_score
0,0.681088924,0.030611731,0.003124332,0.006248665,0.1,"(50, 50)",2,"{'NN__alpha': 0.1, 'NN__hidden_layer_sizes': (50, 50), 'gmm__n_components': 2}",0.737067566,0.72260522,0.750662178,0.719583664,0.749138904,0.73580966,0.012940001,240,0.735781507,0.739116854,0.732382553,0.739864247,0.732766627,0.735982357,0.003105929
1,0.752947569,0.030291364,0.003124332,0.006248665,0.1,"(50, 50)",3,"{'NN__alpha': 0.1, 'NN__hidden_layer_sizes': (50, 50), 'gmm__n_components': 3}",0.746946422,0.732484076,0.763638791,0.725391882,0.754947122,0.744681473,0.014074289,141,0.744135851,0.747962116,0.740228173,0.749786974,0.742403625,0.744903348,0.003518545
2,0.774816656,0.14607389,0.006248474,0.007652787,0.1,"(50, 50)",4,"{'NN__alpha': 0.1, 'NN__hidden_layer_sizes': (50, 50), 'gmm__n_components': 4}",0.736717872,0.713925315,0.751043844,0.70647494,0.710845212,0.723808237,0.017171977,289,0.726745954,0.732657186,0.723431736,0.734569207,0.719170597,0.727314936,0.005707843
3,0.727952099,0.025381123,0.003124332,0.006248665,0.1,"(50, 50)",5,"{'NN__alpha': 0.1, 'NN__hidden_layer_sizes': (50, 50), 'gmm__n_components': 5}",0.737067566,0.72260522,0.74967986,0.723329014,0.738887263,0.734313266,0.010221302,260,0.735290589,0.739116854,0.732402889,0.734940929,0.731052905,0.734560833,0.002771159
4,0.818556404,0.018745669,0.003124142,0.006248283,0.1,"(50, 50)",6,"{'NN__alpha': 0.1, 'NN__hidden_layer_sizes': (50, 50), 'gmm__n_components': 6}",0.75633196,0.730760584,0.755083653,0.742245956,0.758378966,0.748557462,0.010548039,13,0.746633873,0.75324105,0.746946174,0.750158695,0.746126309,0.74862122,0.002708748
5,0.934154367,0.112385905,0.009372759,0.007652826,0.1,"(50, 50)",7,"{'NN__alpha': 0.1, 'NN__hidden_layer_sizes': (50, 50), 'gmm__n_components': 7}",0.746946422,0.730760584,0.755083653,0.742245956,0.758378966,0.746678439,0.009805566,90,0.744135851,0.75324105,0.746946174,0.750158695,0.746126309,0.748121616,0.00321271
6,0.765444517,0.041916056,0.003124475,0.006248951,0.1,"(50, 50)",8,"{'NN__alpha': 0.1, 'NN__hidden_layer_sizes': (50, 50), 'gmm__n_components': 8}",0.75633196,0.712201823,0.755083653,0.742245956,0.758378966,0.744841922,0.017281832,135,0.746633873,0.73793612,0.746946174,0.750158695,0.746126309,0.745560234,0.004066126
7,0.768568707,0.006249452,0.003124237,0.006248474,0.1,"(50, 50)",9,"{'NN__alpha': 0.1, 'NN__hidden_layer_sizes': (50, 50), 'gmm__n_components': 9}",0.75633196,0.730760584,0.756065972,0.741182126,0.759361284,0.74873764,0.010997413,6,0.7468389,0.75324105,0.746905501,0.750629177,0.746085918,0.748740109,0.002751442
8,0.956022358,0.272975389,0.00624876,0.007653137,0.1,"(50, 50)",10,"{'NN__alpha': 0.1, 'NN__hidden_layer_sizes': (50, 50), 'gmm__n_components': 10}",0.741226427,0.730760584,0.756065972,0.743391297,0.759198261,0.746122263,0.010366782,102,0.74409255,0.753160187,0.746905501,0.748478718,0.746045528,0.747736497,0.003059267
9,0.899787331,0.137821807,0.009372663,0.007652748,0.1,"(50, 50)",15,"{'NN__alpha': 0.1, 'NN__hidden_layer_sizes': (50, 50), 'gmm__n_components': 15}",0.752735107,0.730104908,0.749427502,0.725391882,0.756255486,0.742783221,0.012551159,226,0.745363277,0.75131494,0.746188518,0.749807169,0.739927047,0.74652019,0.003967665
10,0.949775171,0.114537832,0.003123999,0.006247997,0.1,"(50, 50)",20,"{'NN__alpha': 0.1, 'NN__hidden_layer_sizes': (50, 50), 'gmm__n_components': 20}",0.754208817,0.730841763,0.754022082,0.724328053,0.758378966,0.744356415,0.013932577,173,0.747575277,0.753506725,0.746905501,0.749991922,0.74584058,0.748764001,0.002735496
11,0.987266207,0.054473706,0.009372902,0.007652942,0.1,"(50, 50)",25,"{'NN__alpha': 0.1, 'NN__hidden_layer_sizes': (50, 50), 'gmm__n_components': 25}",0.755189209,0.730760584,0.755986719,0.726374201,0.755766417,0.744816204,0.01334014,139,0.746818684,0.752894512,0.746824156,0.749971727,0.742363234,0.747774463,0.003525361
12,1.409041691,0.203293305,0.00937252,0.007652631,0.1,"(50, 50)",30,"{'NN__alpha': 0.1, 'NN__hidden_layer_sizes': (50, 50), 'gmm__n_components': 30}",0.754208817,0.730760584,0.749427502,0.725391882,0.759198261,0.743797487,0.013309396,191,0.747575277,0.75324105,0.746474529,0.750277651,0.746331257,0.748779953,0.002642227
13,1.643360758,0.37962024,0.015622091,8.31E-07,0.1,"(50, 50)",35,"{'NN__alpha': 0.1, 'NN__hidden_layer_sizes': (50, 50), 'gmm__n_components': 35}",0.75633196,0.730841763,0.759947276,0.724328053,0.75592944,0.74547711,0.01481696,112,0.747124791,0.753160187,0.739389172,0.750257456,0.742117896,0.7464099,0.005071352
14,2.705610037,1.067858156,0.018745613,0.006248021,0.1,"(50, 50)",40,"{'NN__alpha': 0.1, 'NN__hidden_layer_sizes': (50, 50), 'gmm__n_components': 40}",0.754208817,0.730841763,0.755004401,0.742245956,0.754784099,0.747414562,0.009588477,70,0.747575277,0.75324105,0.747436851,0.750649372,0.742117896,0.748204089,0.003724948
15,0.228071165,0.007653137,0,0,0.1,"(50,)",2,"{'NN__alpha': 0.1, 'NN__hidden_layer_sizes': (50,), 'gmm__n_components': 2}",0.737067566,0.72260522,0.750662178,0.719583664,0.749138904,0.73580966,0.012940001,240,0.735781507,0.739116854,0.732382553,0.739864247,0.732766627,0.735982357,0.003105929
16,0.212450838,0.007652962,0,0,0.1,"(50,)",3,"{'NN__alpha': 0.1, 'NN__hidden_layer_sizes': (50,), 'gmm__n_components': 3}",0.746946422,0.732484076,0.763638791,0.725391882,0.754947122,0.744681473,0.014074289,141,0.744135851,0.747962116,0.740228173,0.749786974,0.742403625,0.744903348,0.003518545
17,0.228071404,0.012496805,0,0,0.1,"(50,)",4,"{'NN__alpha': 0.1, 'NN__hidden_layer_sizes': (50,), 'gmm__n_components': 4}",0.736717872,0.713925315,0.751043844,0.70647494,0.735455419,0.728725256,0.016255143,277,0.726745954,0.732657186,0.723431736,0.734569207,0.727330221,0.728946861,0.004080476
18,0.259313011,0.015930555,0,0,0.1,"(50,)",5,"{'NN__alpha': 0.1, 'NN__hidden_layer_sizes': (50,), 'gmm__n_components': 5}",0.737067566,0.72260522,0.74967986,0.723329014,0.738887263,0.734313266,0.010221302,260,0.735290589,0.739116854,0.732402889,0.734940929,0.731052905,0.734560833,0.002771159
19,0.265561628,0.00987963,0.003124475,0.006248951,0.1,"(50,)",6,"{'NN__alpha': 0.1, 'NN__hidden_layer_sizes': (50,), 'gmm__n_components': 6}",0.75633196,0.730760584,0.755083653,0.742245956,0.758378966,0.748557462,0.010548039,13,0.746633873,0.75324105,0.746946174,0.750158695,0.746126309,0.74862122,0.002708748
20,0.281183815,0.034224955,0.009372616,0.012496781,0.1,"(50,)",7,"{'NN__alpha': 0.1, 'NN__hidden_layer_sizes': (50,), 'gmm__n_components': 7}",0.75633196,0.730760584,0.755083653,0.725391882,0.758378966,0.745190087,0.014113197,119,0.746633873,0.75324105,0.746946174,0.74952144,0.746126309,0.748493769,0.002647713
21,0.274934101,0.025381844,0.003124428,0.006248856,0.1,"(50,)",8,"{'NN__alpha': 0.1, 'NN__hidden_layer_sizes': (50,), 'gmm__n_components': 8}",0.75633196,0.730760584,0.755083653,0.742245956,0.738887263,0.7446631,0.009772709,164,0.746633873,0.75324105,0.746946174,0.750158695,0.731052905,0.745606539,0.007663761
22,0.274934053,0.01593078,0.009373093,0.012497318,0.1,"(50,)",9,"{'NN__alpha': 0.1, 'NN__hidden_layer_sizes': (50,), 'gmm__n_components': 9}",0.75633196,0.730760584,0.756065972,0.724328053,0.759361284,0.745370265,0.014739144,113,0.7468389,0.75324105,0.746905501,0.749991922,0.746085918,0.748612658,0.002674674
23,0.299928951,0.022959035,0.01249671,0.006248355,0.1,"(50,)",10,"{'NN__alpha': 0.1, 'NN__hidden_layer_sizes': (50,), 'gmm__n_components': 10}",0.74482328,0.730760584,0.75704829,0.725310371,0.759198261,0.743426336,0.01359742,203,0.744791365,0.753160187,0.746578818,0.749665803,0.746045528,0.74804834,0.003017476
24,0.371787071,0.059607082,0.003124332,0.006248665,0.1,"(50,)",15,"{'NN__alpha': 0.1, 'NN__hidden_layer_sizes': (50,), 'gmm__n_components': 15}",0.754208817,0.730841763,0.755004401,0.725391882,0.75592944,0.744276022,0.013314902,176,0.747575277,0.753506725,0.747436851,0.749541635,0.74238343,0.748088784,0.00359735
25,0.406153536,0.022091928,0.009372759,0.012496912,0.1,"(50,)",20,"{'NN__alpha': 0.1, 'NN__hidden_layer_sizes': (50,), 'gmm__n_components': 20}",0.757312352,0.730760584,0.755004401,0.724328053,0.75592944,0.744668561,0.014145525,161,0.746573225,0.752975375,0.74715084,0.749991922,0.742097701,0.747757813,0.003633806
26,0.490509176,0.027236954,0.012497044,0.006248522,0.1,"(50,)",25,"{'NN__alpha': 0.1, 'NN__hidden_layer_sizes': (50,), 'gmm__n_components': 25}",0.755189209,0.730760584,0.755986719,0.725310371,0.755766417,0.744603655,0.013637446,168,0.747309602,0.752894512,0.747110167,0.749665803,0.742363234,0.747868664,0.003455039
27,0.806059551,0.101044319,0.009373903,0.00765376,0.1,"(50,)",30,"{'NN__alpha': 0.1, 'NN__hidden_layer_sizes': (50,), 'gmm__n_components': 30}",0.743842887,0.730760584,0.766664998,0.743228274,0.755766417,0.748047654,0.012216158,47,0.74534293,0.752874296,0.739635814,0.750037524,0.742608573,0.746099828,0.004815477
28,0.934153605,0.06729898,0.009372711,0.007652787,0.1,"(50,)",35,"{'NN__alpha': 0.1, 'NN__hidden_layer_sizes': (50,), 'gmm__n_components': 35}",0.755189209,0.730760584,0.750330568,0.725310371,0.759198261,0.744158093,0.01356787,180,0.747023712,0.752874296,0.746352512,0.749665803,0.745759799,0.748335224,0.00263278
29,2.524403095,1.852390652,0.031242847,0.013972279,0.1,"(50,)",40,"{'NN__alpha': 0.1, 'NN__hidden_layer_sizes': (50,), 'gmm__n_components': 40}",0.754208817,0.730841763,0.750330568,0.743391297,0.759198261,0.747590562,0.009842552,60,0.747575277,0.753015807,0.746638523,0.747988041,0.746331257,0.748309781,0.002428883
30,0.137467289,0.015305457,0,0,0.1,"(25,)",2,"{'NN__alpha': 0.1, 'NN__hidden_layer_sizes': (25,), 'gmm__n_components': 2}",0.737067566,0.72260522,0.750662178,0.719583664,0.749138904,0.73580966,0.012940001,240,0.735781507,0.739116854,0.732382553,0.739864247,0.732766627,0.735982357,0.003105929
31,0.165585375,0.007652865,0,0,0.1,"(25,)",3,"{'NN__alpha': 0.1, 'NN__hidden_layer_sizes': (25,), 'gmm__n_components': 3}",0.746946422,0.732484076,0.763638791,0.725391882,0.754947122,0.744681473,0.014074289,141,0.744135851,0.747962116,0.740228173,0.749786974,0.742403625,0.744903348,0.003518545
32,0.159337091,0.006248212,0,0,0.1,"(25,)",4,"{'NN__alpha': 0.1, 'NN__hidden_layer_sizes': (25,), 'gmm__n_components': 4}",0.736717872,0.713925315,0.751043844,0.70647494,0.735455419,0.728725256,0.016255143,277,0.726745954,0.732657186,0.723431736,0.734569207,0.727330221,0.728946861,0.004080476
33,0.215574265,0.01169008,0.006248379,0.00765267,0.1,"(25,)",5,"{'NN__alpha': 0.1, 'NN__hidden_layer_sizes': (25,), 'gmm__n_components': 5}",0.737067566,0.72260522,0.74967986,0.723329014,0.738887263,0.734313266,0.010221302,260,0.735290589,0.739116854,0.732402889,0.734940929,0.731052905,0.734560833,0.002771159
34,0.215573978,0.018217881,0,0,0.1,"(25,)",6,"{'NN__alpha': 0.1, 'NN__hidden_layer_sizes': (25,), 'gmm__n_components': 6}",0.737067566,0.72260522,0.755083653,0.742245956,0.758378966,0.743067915,0.012918452,216,0.735290589,0.739116854,0.746946174,0.750158695,0.746126309,0.743527724,0.005472009
35,0.218698502,0.013972226,0.003123999,0.006247997,0.1,"(25,)",7,"{'NN__alpha': 0.1, 'NN__hidden_layer_sizes': (25,), 'gmm__n_components': 7}",0.75633196,0.730760584,0.755083653,0.742245956,0.758378966,0.748557462,0.010548039,13,0.746633873,0.75324105,0.746946174,0.750158695,0.746126309,0.74862122,0.002708748
36,0.240568399,0.015930312,0,0,0.1,"(25,)",8,"{'NN__alpha': 0.1, 'NN__hidden_layer_sizes': (25,), 'gmm__n_components': 8}",0.746946422,0.732484076,0.755083653,0.725391882,0.758378966,0.743656114,0.012776154,195,0.744135851,0.747962116,0.746946174,0.74952144,0.746126309,0.746938378,0.001801884
37,0.278059196,0.022958256,0.003124142,0.006248283,0.1,"(25,)",9,"{'NN__alpha': 0.1, 'NN__hidden_layer_sizes': (25,), 'gmm__n_components': 9}",0.752735107,0.730760584,0.750409821,0.741182126,0.759361284,0.746886305,0.009949206,82,0.746140085,0.75324105,0.746719868,0.750629177,0.746085918,0.74856322,0.002882944
38,0.1937047,0.007651833,0.009371901,0.007652125,0.1,"(25,)",10,"{'NN__alpha': 0.1, 'NN__hidden_layer_sizes': (25,), 'gmm__n_components': 10}",0.752735107,0.730104908,0.750409821,0.743391297,0.760669648,0.747457825,0.010285109,62,0.746140085,0.751805858,0.746719868,0.748478718,0.744160603,0.747461027,0.002572946
39,0.268686581,0.011689876,0.00937314,0.007653137,0.1,"(25,)",15,"{'NN__alpha': 0.1, 'NN__hidden_layer_sizes': (25,), 'gmm__n_components': 15}",0.755189209,0.730760584,0.755004401,0.742245956,0.759361284,0.748509091,0.0105738,41,0.747309602,0.752874296,0.747171176,0.750363643,0.746085918,0.748760927,0.002501113
40,0.328047943,0.040735141,0.015621233,0.009880459,0.1,"(25,)",20,"{'NN__alpha': 0.1, 'NN__hidden_layer_sizes': (25,), 'gmm__n_components': 20}",0.743842887,0.730841763,0.755083653,0.725391882,0.758215943,0.742673405,0.012924273,231,0.74534293,0.753015807,0.746946174,0.749807169,0.746085918,0.7482396,0.002827416
41,0.331172276,0.006248808,0.018744183,0.006247902,0.1,"(25,)",25,"{'NN__alpha': 0.1, 'NN__hidden_layer_sizes': (25,), 'gmm__n_components': 25}",0.74482328,0.730760584,0.755004401,0.726374201,0.759198261,0.743230107,0.012925756,209,0.745077256,0.752750132,0.747436851,0.749685998,0.746045528,0.748199153,0.002752728
42,0.412402201,0.027235882,0.012496519,0.00624826,0.1,"(25,)",30,"{'NN__alpha': 0.1, 'NN__hidden_layer_sizes': (25,), 'gmm__n_components': 30}",0.75633196,0.730841763,0.755986719,0.742245956,0.759198261,0.748918019,0.010789996,1,0.746633873,0.753405646,0.746558481,0.750158695,0.746025333,0.748556406,0.002834665
43,0.512375116,0.057102956,0.012496758,0.006248379,0.1,"(25,)",35,"{'NN__alpha': 0.1, 'NN__hidden_layer_sizes': (25,), 'gmm__n_components': 35}",0.75633196,0.730023729,0.755004401,0.724328053,0.759361284,0.745010429,0.014738241,131,0.7468389,0.751519968,0.746885165,0.749991922,0.746065723,0.748260336,0.002114308
44,0.509254694,0.070277424,0.012498045,0.006249023,0.1,"(25,)",40,"{'NN__alpha': 0.1, 'NN__hidden_layer_sizes': (25,), 'gmm__n_components': 40}",0.754208817,0.730841763,0.749427502,0.726374201,0.758378966,0.743846311,0.01283649,187,0.747084359,0.753425862,0.746474529,0.74948105,0.746126309,0.748518422,0.002719039
45,0.218698072,0.009880459,0.003124332,0.006248665,0.1,"(25, 25)",2,"{'NN__alpha': 0.1, 'NN__hidden_layer_sizes': (25, 25), 'gmm__n_components': 2}",0.737067566,0.72260522,0.750662178,0.719583664,0.749138904,0.73580966,0.012940001,240,0.735781507,0.739116854,0.732382553,0.739864247,0.732766627,0.735982357,0.003105929
46,0.218697882,0.009879931,0.009372663,0.007652748,0.1,"(25, 25)",3,"{'NN__alpha': 0.1, 'NN__hidden_layer_sizes': (25, 25), 'gmm__n_components': 3}",0.746946422,0.732484076,0.763638791,0.725391882,0.754947122,0.744681473,0.014074289,141,0.744135851,0.747962116,0.740228173,0.749786974,0.742403625,0.744903348,0.003518545
47,0.259313583,0.015930359,0.00312438,0.00624876,0.1,"(25, 25)",4,"{'NN__alpha': 0.1, 'NN__hidden_layer_sizes': (25, 25), 'gmm__n_components': 4}",0.736717872,0.713925315,0.751043844,0.70647494,0.710845212,0.723808237,0.017171977,289,0.726745954,0.732657186,0.723431736,0.734569207,0.719170597,0.727314936,0.005707843
48,0.296804571,0.034224738,0.015620947,0.009879253,0.1,"(25, 25)",5,"{'NN__alpha': 0.1, 'NN__hidden_layer_sizes': (25, 25), 'gmm__n_components': 5}",0.737067566,0.72260522,0.74967986,0.709194081,0.738887263,0.731489164,0.014087557,273,0.735290589,0.739116854,0.732402889,0.724166357,0.731052905,0.732405919,0.004961431
49,0.293684053,0.006246353,0.01561799,3.93E-06,0.1,"(25, 25)",6,"{'NN__alpha': 0.1, 'NN__hidden_layer_sizes': (25, 25), 'gmm__n_components': 6}",0.75633196,0.730760584,0.755083653,0.742245956,0.758378966,0.748557462,0.010548039,13,0.746633873,0.75324105,0.746946174,0.750158695,0.746126309,0.74862122,0.002708748
50,0.299929428,0.02295871,0.006248188,0.007652436,0.1,"(25, 25)",7,"{'NN__alpha': 0.1, 'NN__hidden_layer_sizes': (25, 25), 'gmm__n_components': 7}",0.75633196,0.730760584,0.755083653,0.725391882,0.758378966,0.745190087,0.014113197,119,0.746633873,0.75324105,0.746946174,0.74952144,0.746126309,0.748493769,0.002647713
51,0.287431812,0.007651735,0.015621185,9.54E-07,0.1,"(25, 25)",8,"{'NN__alpha': 0.1, 'NN__hidden_layer_sizes': (25, 25), 'gmm__n_components': 8}",0.75633196,0.730760584,0.755083653,0.742245956,0.758378966,0.748557462,0.010548039,13,0.746633873,0.75324105,0.746946174,0.750158695,0.746126309,0.74862122,0.002708748
52,0.309301805,0.058783244,0.021869946,0.012497461,0.1,"(25, 25)",9,"{'NN__alpha': 0.1, 'NN__hidden_layer_sizes': (25, 25), 'gmm__n_components': 9}",0.75633196,0.730104908,0.750409821,0.741182126,0.759361284,0.747475141,0.010675826,61,0.7468389,0.751805858,0.746719868,0.750629177,0.746085918,0.748415944,0.002331638
53,0.284307766,0.018216695,0.009372711,0.007652787,0.1,"(25, 25)",10,"{'NN__alpha': 0.1, 'NN__hidden_layer_sizes': (25, 25), 'gmm__n_components': 10}",0.752735107,0.730104908,0.750409821,0.743391297,0.760669648,0.747457825,0.010285109,62,0.746140085,0.751805858,0.746719868,0.748478718,0.744160603,0.747461027,0.002572946
54,0.343667698,0.02614081,0.021870708,0.007652514,0.1,"(25, 25)",15,"{'NN__alpha': 0.1, 'NN__hidden_layer_sizes': (25, 25), 'gmm__n_components': 15}",0.743842887,0.732484076,0.755083653,0.741182126,0.759361284,0.746385863,0.009703842,95,0.74534293,0.748167144,0.746946174,0.749872966,0.746371647,0.747340172,0.001560844
55,0.387408733,0.040009682,0.02499423,0.007651307,0.1,"(25, 25)",20,"{'NN__alpha': 0.1, 'NN__hidden_layer_sizes': (25, 25), 'gmm__n_components': 20}",0.741226427,0.730841763,0.755986719,0.701824604,0.737925845,0.733567667,0.017856857,272,0.743601632,0.753506725,0.747110167,0.735266396,0.724344335,0.740765851,0.010104772
56,0.453017902,0.067008242,0.018745565,0.006247687,0.1,"(25, 25)",25,"{'NN__alpha': 0.1, 'NN__hidden_layer_sizes': (25, 25), 'gmm__n_components': 25}",0.746946422,0.730841763,0.754022082,0.724328053,0.759198261,0.743066145,0.013382301,220,0.744340879,0.753405646,0.746639826,0.749766779,0.745759799,0.747982586,0.003243416
57,0.587360477,0.137112888,0.015621328,0.01397196,0.1,"(25, 25)",30,"{'NN__alpha': 0.1, 'NN__hidden_layer_sizes': (25, 25), 'gmm__n_components': 30}",0.75633196,0.730760584,0.742027789,0.725391882,0.759198261,0.742742606,0.013418927,230,0.7468389,0.752874296,0.738733198,0.750297846,0.746025333,0.746953915,0.004789331
58,0.637347984,0.081708592,0.02811904,0.01821735,0.1,"(25, 25)",35,"{'NN__alpha': 0.1, 'NN__hidden_layer_sizes': (25, 25), 'gmm__n_components': 35}",0.755189209,0.730841763,0.755986719,0.742245956,0.752407725,0.747332515,0.009596733,71,0.747023712,0.753486509,0.746558481,0.7501385,0.736142996,0.74667004,0.005821523
59,0.643597078,0.077417036,0.015621281,0.009879554,0.1,"(25, 25)",40,"{'NN__alpha': 0.1, 'NN__hidden_layer_sizes': (25, 25), 'gmm__n_components': 40}",0.752735107,0.730841763,0.749427502,0.742245956,0.758378966,0.74672238,0.009504884,86,0.745649167,0.752995591,0.746474529,0.750158695,0.746126309,0.748280858,0.002849059
60,1.155975437,0.114365789,0.009372997,0.00765302,0.1,"(100, 25, 100)",2,"{'NN__alpha': 0.1, 'NN__hidden_layer_sizes': (100, 25, 100), 'gmm__n_components': 2}",0.737067566,0.72260522,0.750662178,0.719583664,0.749138904,0.73580966,0.012940001,240,0.735781507,0.739116854,0.732382553,0.739864247,0.732766627,0.735982357,0.003105929
61,1.152852154,0.033358201,0.012496662,0.006248331,0.1,"(100, 25, 100)",3,"{'NN__alpha': 0.1, 'NN__hidden_layer_sizes': (100, 25, 100), 'gmm__n_components': 3}",0.746946422,0.732484076,0.763638791,0.725391882,0.754947122,0.744681473,0.014074289,141,0.744135851,0.747962116,0.740228173,0.749786974,0.742403625,0.744903348,0.003518545
62,1.255953074,0.069580245,0.00937252,0.007652631,0.1,"(100, 25, 100)",4,"{'NN__alpha': 0.1, 'NN__hidden_layer_sizes': (100, 25, 100), 'gmm__n_components': 4}",0.732509055,0.720419633,0.751043844,0.692340008,0.710845212,0.721441702,0.01978969,297,0.713487777,0.716719176,0.723431736,0.723794636,0.719170597,0.719320784,0.003942846
63,1.271573877,0.044841706,0.003124428,0.006248856,0.1,"(100, 25, 100)",5,"{'NN__alpha': 0.1, 'NN__hidden_layer_sizes': (100, 25, 100), 'gmm__n_components': 5}",0.736717872,0.713925315,0.751043844,0.723329014,0.714277056,0.727861281,0.014249373,285,0.726745954,0.732657186,0.723431736,0.734940929,0.72289328,0.728133817,0.004864084
64,1.318438482,0.036434356,0.012497139,0.00624857,0.1,"(100, 25, 100)",6,"{'NN__alpha': 0.1, 'NN__hidden_layer_sizes': (100, 25, 100), 'gmm__n_components': 6}",0.75633196,0.730760584,0.755083653,0.742245956,0.758378966,0.748557462,0.010548039,13,0.746633873,0.75324105,0.746946174,0.750158695,0.746126309,0.74862122,0.002708748
65,1.365302134,0.091939607,0.015621185,7.23E-07,0.1,"(100, 25, 100)",7,"{'NN__alpha': 0.1, 'NN__hidden_layer_sizes': (100, 25, 100), 'gmm__n_components': 7}",0.746946422,0.732484076,0.755083653,0.725391882,0.758378966,0.743656114,0.012776154,195,0.744135851,0.747962116,0.746946174,0.74952144,0.746126309,0.746938378,0.001801884
66,1.274697399,0.046968451,0.006248903,0.007653312,0.1,"(100, 25, 100)",8,"{'NN__alpha': 0.1, 'NN__hidden_layer_sizes': (100, 25, 100), 'gmm__n_components': 8}",0.75633196,0.730760584,0.755083653,0.742245956,0.758378966,0.748557462,0.010548039,13,0.746633873,0.75324105,0.746946174,0.750158695,0.746126309,0.74862122,0.002708748
67,1.468402958,0.182976697,0.015621805,4.42E-07,0.1,"(100, 25, 100)",9,"{'NN__alpha': 0.1, 'NN__hidden_layer_sizes': (100, 25, 100), 'gmm__n_components': 9}",0.746946422,0.732484076,0.750409821,0.741182126,0.759361284,0.746072437,0.008996816,104,0.744340879,0.747962116,0.746719868,0.750629177,0.746085918,0.747147592,0.002096312
68,1.624615908,0.276985829,0.006249237,0.007653721,0.1,"(100, 25, 100)",10,"{'NN__alpha': 0.1, 'NN__hidden_layer_sizes': (100, 25, 100), 'gmm__n_components': 10}",0.74482328,0.730760584,0.750409821,0.741182126,0.759198261,0.745269754,0.009464118,117,0.744791365,0.75324105,0.746719868,0.750629177,0.746045528,0.748285398,0.003153663
69,1.833939028,0.388787688,0.003124142,0.006248283,0.1,"(100, 25, 100)",15,"{'NN__alpha': 0.1, 'NN__hidden_layer_sizes': (100, 25, 100), 'gmm__n_components': 15}",0.754208817,0.730841763,0.749427502,0.725391882,0.755766417,0.743128071,0.012550017,210,0.747084359,0.753506725,0.746474529,0.749807169,0.742608573,0.747896271,0.003626817
70,1.662107277,0.283706292,0.012497044,0.006248522,0.1,"(100, 25, 100)",20,"{'NN__alpha': 0.1, 'NN__hidden_layer_sizes': (100, 25, 100), 'gmm__n_components': 20}",0.743842887,0.730841763,0.750409821,0.742164444,0.758378966,0.745122299,0.00914372,127,0.74534293,0.753506725,0.746433857,0.750017329,0.745554851,0.748171138,0.003154006
71,1.852686691,0.242327305,0.015621281,1.01E-06,0.1,"(100, 25, 100)",25,"{'NN__alpha': 0.1, 'NN__hidden_layer_sizes': (100, 25, 100), 'gmm__n_components': 25}",0.754208817,0.730104908,0.750409821,0.742245956,0.759361284,0.747262628,0.010239734,72,0.747575277,0.751805858,0.746719868,0.750649372,0.746371647,0.748624404,0.00219203
72,1.693349648,0.079408331,0.012496758,0.006248379,0.1,"(100, 25, 100)",30,"{'NN__alpha': 0.1, 'NN__hidden_layer_sizes': (100, 25, 100), 'gmm__n_components': 30}",0.755189209,0.730841763,0.75704829,0.742245956,0.759198261,0.74890155,0.010794433,5,0.746818684,0.752934944,0.746578818,0.749893161,0.746331257,0.748511373,0.002562428
73,1.755835295,0.122046183,0.012496948,0.006248474,0.1,"(100, 25, 100)",35,"{'NN__alpha': 0.1, 'NN__hidden_layer_sizes': (100, 25, 100), 'gmm__n_components': 35}",0.742369177,0.730841763,0.750409821,0.724328053,0.759361284,0.741459881,0.012705289,233,0.743416821,0.752995591,0.746719868,0.749991922,0.746371647,0.74789917,0.003291463
74,1.918296671,0.13379718,0.015621281,8.20E-07,0.1,"(100, 25, 100)",40,"{'NN__alpha': 0.1, 'NN__hidden_layer_sizes': (100, 25, 100), 'gmm__n_components': 40}",0.754208817,0.730841763,0.750409821,0.742245956,0.758215943,0.747181315,0.009727122,76,0.747575277,0.753506725,0.74559616,0.750158695,0.745779994,0.74852337,0.002983343
75,0.724829149,0.044841377,0,0,0.01,"(50, 50)",2,"{'NN__alpha': 0.01, 'NN__hidden_layer_sizes': (50, 50), 'gmm__n_components': 2}",0.737067566,0.72260522,0.750662178,0.719583664,0.749138904,0.73580966,0.012940001,240,0.735781507,0.739116854,0.732382553,0.739864247,0.732766627,0.735982357,0.003105929
76,0.731077147,0.006248808,0.003124428,0.006248856,0.01,"(50, 50)",3,"{'NN__alpha': 0.01, 'NN__hidden_layer_sizes': (50, 50), 'gmm__n_components': 3}",0.746946422,0.732484076,0.763638791,0.725391882,0.754947122,0.744681473,0.014074289,141,0.744135851,0.747962116,0.740228173,0.749786974,0.742403625,0.744903348,0.003518545
77,0.759194613,0.160708682,0.003124475,0.006248951,0.01,"(50, 50)",4,"{'NN__alpha': 0.01, 'NN__hidden_layer_sizes': (50, 50), 'gmm__n_components': 4}",0.736717872,0.713925315,0.751043844,0.70647494,0.710845212,0.723808237,0.017171977,289,0.726745954,0.732657186,0.723431736,0.734569207,0.719170597,0.727314936,0.005707843
78,0.727952671,0.047995139,0.006248379,0.00765267,0.01,"(50, 50)",5,"{'NN__alpha': 0.01, 'NN__hidden_layer_sizes': (50, 50), 'gmm__n_components': 5}",0.737067566,0.72260522,0.74967986,0.723329014,0.738887263,0.734313266,0.010221302,260,0.735290589,0.739116854,0.732402889,0.734940929,0.731052905,0.734560833,0.002771159
79,0.790437889,0.028972535,0.006248569,0.007652903,0.01,"(50, 50)",6,"{'NN__alpha': 0.01, 'NN__hidden_layer_sizes': (50, 50), 'gmm__n_components': 6}",0.75633196,0.730760584,0.755083653,0.742245956,0.758378966,0.748557462,0.010548039,13,0.746633873,0.75324105,0.746946174,0.750158695,0.746126309,0.74862122,0.002708748
80,0.990390539,0.094039888,0.003124332,0.006248665,0.01,"(50, 50)",7,"{'NN__alpha': 0.01, 'NN__hidden_layer_sizes': (50, 50), 'gmm__n_components': 7}",0.746946422,0.730760584,0.755083653,0.742245956,0.758378966,0.746678439,0.009805566,90,0.744135851,0.75324105,0.746946174,0.750158695,0.746126309,0.748121616,0.00321271
81,0.765444136,0.049399068,0.006248951,0.007653371,0.01,"(50, 50)",8,"{'NN__alpha': 0.01, 'NN__hidden_layer_sizes': (50, 50), 'gmm__n_components': 8}",0.75633196,0.712201823,0.755083653,0.742245956,0.758378966,0.744841922,0.017281832,135,0.746633873,0.73793612,0.746946174,0.750158695,0.746126309,0.745560234,0.004066126
82,0.787313795,0.015930368,0.009373522,0.007653449,0.01,"(50, 50)",9,"{'NN__alpha': 0.01, 'NN__hidden_layer_sizes': (50, 50), 'gmm__n_components': 9}",0.75633196,0.730760584,0.756065972,0.741182126,0.759361284,0.74873764,0.010997413,6,0.7468389,0.75324105,0.746905501,0.750629177,0.746085918,0.748740109,0.002751442
83,1.015384436,0.345510712,0.006248808,0.007653195,0.01,"(50, 50)",10,"{'NN__alpha': 0.01, 'NN__hidden_layer_sizes': (50, 50), 'gmm__n_components': 10}",0.741226427,0.730760584,0.756065972,0.743391297,0.759198261,0.746122263,0.010366782,102,0.74409255,0.753160187,0.746905501,0.748478718,0.746045528,0.747736497,0.003059267
84,0.859171009,0.142146446,0.006248569,0.007652903,0.01,"(50, 50)",15,"{'NN__alpha': 0.01, 'NN__hidden_layer_sizes': (50, 50), 'gmm__n_components': 15}",0.752735107,0.730104908,0.749427502,0.725391882,0.756255486,0.742783221,0.012551159,226,0.745649167,0.75131494,0.746474529,0.749807169,0.739906852,0.746630532,0.003955502
85,0.921657181,0.115216493,0.012496662,0.006248331,0.01,"(50, 50)",20,"{'NN__alpha': 0.01, 'NN__hidden_layer_sizes': (50, 50), 'gmm__n_components': 20}",0.754208817,0.730841763,0.754022082,0.724328053,0.758378966,0.744356415,0.013932577,173,0.747575277,0.753506725,0.746905501,0.749991922,0.74584058,0.748764001,0.002735496
86,0.959148264,0.047995971,0.012497377,0.006248689,0.01,"(50, 50)",25,"{'NN__alpha': 0.01, 'NN__hidden_layer_sizes': (50, 50), 'gmm__n_components': 25}",0.755189209,0.730760584,0.750330568,0.726374201,0.755766417,0.743684973,0.012562055,192,0.746818684,0.752894512,0.746638523,0.749971727,0.742363234,0.747737336,0.003536135
87,1.346556568,0.203293322,0.012497091,0.006248546,0.01,"(50, 50)",30,"{'NN__alpha': 0.01, 'NN__hidden_layer_sizes': (50, 50), 'gmm__n_components': 30}",0.754208817,0.730760584,0.750409821,0.725391882,0.759198261,0.743993951,0.013398008,184,0.747575277,0.75324105,0.746147846,0.750277651,0.746331257,0.748714616,0.002701795
88,1.608995056,0.273261634,0.015621233,8.97E-07,0.01,"(50, 50)",35,"{'NN__alpha': 0.01, 'NN__hidden_layer_sizes': (50, 50), 'gmm__n_components': 35}",0.75633196,0.730841763,0.759947276,0.724328053,0.759361284,0.746162778,0.015354444,101,0.747124791,0.753160187,0.739389172,0.750257456,0.745820385,0.747150398,0.004642792
89,2.130746841,0.755697256,0.018745136,0.006247783,0.01,"(50, 50)",40,"{'NN__alpha': 0.01, 'NN__hidden_layer_sizes': (50, 50), 'gmm__n_components': 40}",0.755189209,0.730841763,0.755004401,0.742245956,0.755766417,0.747807104,0.009885843,52,0.747309602,0.75324105,0.747436851,0.750649372,0.742363234,0.748200022,0.003656628
90,0.234318972,0.009879705,0,0,0.01,"(50,)",2,"{'NN__alpha': 0.01, 'NN__hidden_layer_sizes': (50,), 'gmm__n_components': 2}",0.737067566,0.72260522,0.750662178,0.719583664,0.749138904,0.73580966,0.012940001,240,0.735781507,0.739116854,0.732382553,0.739864247,0.732766627,0.735982357,0.003105929
91,0.228071451,0.007653565,0,0,0.01,"(50,)",3,"{'NN__alpha': 0.01, 'NN__hidden_layer_sizes': (50,), 'gmm__n_components': 3}",0.746946422,0.732484076,0.763638791,0.725391882,0.754947122,0.744681473,0.014074289,141,0.744135851,0.747962116,0.740228173,0.749786974,0.742403625,0.744903348,0.003518545
92,0.231194782,0.011690283,0.003124285,0.006248569,0.01,"(50,)",4,"{'NN__alpha': 0.01, 'NN__hidden_layer_sizes': (50,), 'gmm__n_components': 4}",0.736717872,0.713925315,0.751043844,0.70647494,0.735455419,0.728725256,0.016255143,277,0.726745954,0.732657186,0.723431736,0.734569207,0.727330221,0.728946861,0.004080476
93,0.274935102,0.007652962,0.003124285,0.006248569,0.01,"(50,)",5,"{'NN__alpha': 0.01, 'NN__hidden_layer_sizes': (50,), 'gmm__n_components': 5}",0.737067566,0.72260522,0.74967986,0.723329014,0.738887263,0.734313266,0.010221302,260,0.735290589,0.739116854,0.732402889,0.734940929,0.731052905,0.734560833,0.002771159
94,0.299929237,0.031861456,0,0,0.01,"(50,)",6,"{'NN__alpha': 0.01, 'NN__hidden_layer_sizes': (50,), 'gmm__n_components': 6}",0.75633196,0.730760584,0.755083653,0.742245956,0.758378966,0.748557462,0.010548039,13,0.746633873,0.75324105,0.746946174,0.750158695,0.746126309,0.74862122,0.002708748
95,0.293680763,0.00624876,0.006248188,0.007652436,0.01,"(50,)",7,"{'NN__alpha': 0.01, 'NN__hidden_layer_sizes': (50,), 'gmm__n_components': 7}",0.75633196,0.730760584,0.755083653,0.725391882,0.758378966,0.745190087,0.014113197,119,0.746633873,0.75324105,0.746946174,0.74952144,0.746126309,0.748493769,0.002647713
96,0.293679571,0.042379713,0.006248569,0.007652903,0.01,"(50,)",8,"{'NN__alpha': 0.01, 'NN__hidden_layer_sizes': (50,), 'gmm__n_components': 8}",0.75633196,0.730760584,0.755083653,0.742245956,0.738887263,0.7446631,0.009772709,164,0.746633873,0.75324105,0.746946174,0.750158695,0.731052905,0.745606539,0.007663761
97,0.299928522,0.018217178,0.006248713,0.007653079,0.01,"(50,)",9,"{'NN__alpha': 0.01, 'NN__hidden_layer_sizes': (50,), 'gmm__n_components': 9}",0.75633196,0.730760584,0.756065972,0.724328053,0.759361284,0.745370265,0.014739144,113,0.7468389,0.75324105,0.746905501,0.749991922,0.746085918,0.748612658,0.002674674
98,0.315550232,0.01530569,0.009373093,0.007653098,0.01,"(50,)",10,"{'NN__alpha': 0.01, 'NN__hidden_layer_sizes': (50,), 'gmm__n_components': 10}",0.74482328,0.730760584,0.75704829,0.725310371,0.759198261,0.743426336,0.01359742,203,0.744791365,0.753160187,0.746578818,0.749665803,0.746045528,0.74804834,0.003017476
99,0.424899817,0.045703795,0.012496901,0.00624845,0.01,"(50,)",15,"{'NN__alpha': 0.01, 'NN__hidden_layer_sizes': (50,), 'gmm__n_components': 15}",0.754208817,0.730841763,0.755004401,0.725391882,0.75592944,0.744276022,0.013314902,176,0.747289387,0.753506725,0.747436851,0.749541635,0.74238343,0.748031605,0.003607316
100,0.434271812,0.026875066,0.012496281,0.00624814,0.01,"(50,)",20,"{'NN__alpha': 0.01, 'NN__hidden_layer_sizes': (50,), 'gmm__n_components': 20}",0.757312352,0.730760584,0.755004401,0.724328053,0.75592944,0.744668561,0.014145525,161,0.746573225,0.752975375,0.74715084,0.749991922,0.742097701,0.747757813,0.003633806
101,0.493632889,0.035070128,0.009372616,0.007652709,0.01,"(50,)",25,"{'NN__alpha': 0.01, 'NN__hidden_layer_sizes': (50,), 'gmm__n_components': 25}",0.755189209,0.730760584,0.755986719,0.725310371,0.755766417,0.744603655,0.013637446,168,0.747309602,0.752894512,0.747110167,0.749665803,0.742363234,0.747868664,0.003455039
102,0.784189749,0.063569509,0.015621328,4.91E-07,0.01,"(50,)",30,"{'NN__alpha': 0.01, 'NN__hidden_layer_sizes': (50,), 'gmm__n_components': 30}",0.743842887,0.730760584,0.766664998,0.743228274,0.755766417,0.748047654,0.012216158,47,0.74534293,0.753139971,0.739635814,0.750037524,0.742608573,0.746152963,0.004890811
103,0.881041527,0.090872052,0.009372854,0.007652903,0.01,"(50,)",35,"{'NN__alpha': 0.01, 'NN__hidden_layer_sizes': (50,), 'gmm__n_components': 35}",0.755189209,0.730760584,0.750330568,0.725310371,0.759198261,0.744158093,0.01356787,180,0.747023712,0.752874296,0.746086837,0.749665803,0.745759799,0.748282089,0.002674607
104,2.680616426,2.032107403,0.018745422,0.015305768,0.01,"(50,)",40,"{'NN__alpha': 0.01, 'NN__hidden_layer_sizes': (50,), 'gmm__n_components': 40}",0.755189209,0.730841763,0.750330568,0.743391297,0.759198261,0.74778684,0.009981372,54,0.747309602,0.753015807,0.746638523,0.747988041,0.746331257,0.748256646,0.002447207
105,0.134343052,0.007652611,0,0,0.01,"(25,)",2,"{'NN__alpha': 0.01, 'NN__hidden_layer_sizes': (25,), 'gmm__n_components': 2}",0.737067566,0.72260522,0.750662178,0.719583664,0.749138904,0.73580966,0.012940001,240,0.735781507,0.739116854,0.732382553,0.739864247,0.732766627,0.735982357,0.003105929
106,0.168710518,0.011689901,0,0,0.01,"(25,)",3,"{'NN__alpha': 0.01, 'NN__hidden_layer_sizes': (25,), 'gmm__n_components': 3}",0.746946422,0.732484076,0.763638791,0.725391882,0.754947122,0.744681473,0.014074289,141,0.744135851,0.747962116,0.740228173,0.749786974,0.742403625,0.744903348,0.003518545
107,0.203077269,0.00987963,0.00312438,0.00624876,0.01,"(25,)",4,"{'NN__alpha': 0.01, 'NN__hidden_layer_sizes': (25,), 'gmm__n_components': 4}",0.736717872,0.713925315,0.751043844,0.70647494,0.735455419,0.728725256,0.016255143,277,0.726745954,0.732657186,0.723431736,0.734569207,0.727330221,0.728946861,0.004080476
108,0.234318972,0.009879705,0.00312438,0.00624876,0.01,"(25,)",5,"{'NN__alpha': 0.01, 'NN__hidden_layer_sizes': (25,), 'gmm__n_components': 5}",0.737067566,0.72260522,0.74967986,0.723329014,0.738887263,0.734313266,0.010221302,260,0.735290589,0.739116854,0.732402889,0.734940929,0.731052905,0.734560833,0.002771159
109,0.203077412,0.009879177,0.009372759,0.007652826,0.01,"(25,)",6,"{'NN__alpha': 0.01, 'NN__hidden_layer_sizes': (25,), 'gmm__n_components': 6}",0.737067566,0.72260522,0.755083653,0.742245956,0.758378966,0.743067915,0.012918452,216,0.735290589,0.739116854,0.746946174,0.750158695,0.746126309,0.743527724,0.005472009
110,0.20932498,0.012497473,0.009372663,0.007652748,0.01,"(25,)",7,"{'NN__alpha': 0.01, 'NN__hidden_layer_sizes': (25,), 'gmm__n_components': 7}",0.75633196,0.730760584,0.755083653,0.742245956,0.758378966,0.748557462,0.010548039,13,0.746633873,0.75324105,0.746946174,0.750158695,0.746126309,0.74862122,0.002708748
111,0.224947262,0.015930434,0.003124619,0.006249237,0.01,"(25,)",8,"{'NN__alpha': 0.01, 'NN__hidden_layer_sizes': (25,), 'gmm__n_components': 8}",0.746946422,0.732484076,0.755083653,0.725391882,0.758378966,0.743656114,0.012776154,195,0.744135851,0.747962116,0.746946174,0.74952144,0.746126309,0.746938378,0.001801884
112,0.249941063,0.01397212,0.003124094,0.006248188,0.01,"(25,)",9,"{'NN__alpha': 0.01, 'NN__hidden_layer_sizes': (25,), 'gmm__n_components': 9}",0.752735107,0.730760584,0.750409821,0.741182126,0.759361284,0.746886305,0.009949206,82,0.746140085,0.75324105,0.746719868,0.750629177,0.746085918,0.74856322,0.002882944
113,0.190580177,0.011690258,0.006248617,0.007652962,0.01,"(25,)",10,"{'NN__alpha': 0.01, 'NN__hidden_layer_sizes': (25,), 'gmm__n_components': 10}",0.752735107,0.730104908,0.750409821,0.743391297,0.760669648,0.747457825,0.010285109,62,0.746140085,0.751805858,0.746719868,0.748478718,0.744160603,0.747461027,0.002572946
114,0.265561771,0.019759599,0.00312438,0.00624876,0.01,"(25,)",15,"{'NN__alpha': 0.01, 'NN__hidden_layer_sizes': (25,), 'gmm__n_components': 15}",0.755189209,0.730760584,0.755004401,0.742245956,0.759361284,0.748509091,0.0105738,41,0.747309602,0.752874296,0.747171176,0.750363643,0.746085918,0.748760927,0.002501113
115,0.331170797,0.042379249,0.02186985,0.00765195,0.01,"(25,)",20,"{'NN__alpha': 0.01, 'NN__hidden_layer_sizes': (25,), 'gmm__n_components': 20}",0.743842887,0.730841763,0.756065972,0.725391882,0.758215943,0.742869869,0.013117452,222,0.74534293,0.753015807,0.747191512,0.749807169,0.746085918,0.748288667,0.002806596
116,0.378035927,0.02499367,0.009373045,0.007653059,0.01,"(25,)",25,"{'NN__alpha': 0.01, 'NN__hidden_layer_sizes': (25,), 'gmm__n_components': 25}",0.74482328,0.730760584,0.755004401,0.726374201,0.759361284,0.743262678,0.012966095,207,0.745077256,0.752750132,0.747436851,0.749685998,0.746371647,0.748264377,0.002704366
117,0.399906063,0.033649997,0.018745136,0.006248379,0.01,"(25,)",30,"{'NN__alpha': 0.01, 'NN__hidden_layer_sizes': (25,), 'gmm__n_components': 30}",0.75633196,0.730841763,0.755986719,0.742245956,0.759198261,0.748918019,0.010789996,1,0.747124791,0.753405646,0.746558481,0.750158695,0.746025333,0.748654589,0.002774232
118,0.524876738,0.090871734,0.012496471,0.006248236,0.01,"(25,)",35,"{'NN__alpha': 0.01, 'NN__hidden_layer_sizes': (25,), 'gmm__n_components': 35}",0.75633196,0.730023729,0.755004401,0.724328053,0.759361284,0.745010429,0.014738241,131,0.7468389,0.751519968,0.746885165,0.749991922,0.746065723,0.748260336,0.002114308
119,0.518628645,0.070830825,0.015621042,2.28E-06,0.01,"(25,)",40,"{'NN__alpha': 0.01, 'NN__hidden_layer_sizes': (25,), 'gmm__n_components': 40}",0.754208817,0.730841763,0.749427502,0.726374201,0.758378966,0.743846311,0.01283649,187,0.747084359,0.753425862,0.746474529,0.74948105,0.746126309,0.748518422,0.002719039
120,0.22807107,0.015929975,0.006248283,0.007652553,0.01,"(25, 25)",2,"{'NN__alpha': 0.01, 'NN__hidden_layer_sizes': (25, 25), 'gmm__n_components': 2}",0.737067566,0.72260522,0.750662178,0.719583664,0.749138904,0.73580966,0.012940001,240,0.735781507,0.739116854,0.732382553,0.739864247,0.732766627,0.735982357,0.003105929
121,0.218699217,1.41E-06,0.009372616,0.012496483,0.01,"(25, 25)",3,"{'NN__alpha': 0.01, 'NN__hidden_layer_sizes': (25, 25), 'gmm__n_components': 3}",0.746946422,0.732484076,0.763638791,0.725391882,0.754947122,0.744681473,0.014074289,141,0.744135851,0.747962116,0.740228173,0.749786974,0.742403625,0.744903348,0.003518545
122,0.281182623,0.022090546,0.009372187,0.007652358,0.01,"(25, 25)",4,"{'NN__alpha': 0.01, 'NN__hidden_layer_sizes': (25, 25), 'gmm__n_components': 4}",0.736717872,0.713925315,0.751043844,0.70647494,0.710845212,0.723808237,0.017171977,289,0.726745954,0.732657186,0.723431736,0.734569207,0.719170597,0.727314936,0.005707843
123,0.290557337,0.03775043,0.009371328,0.007651658,0.01,"(25, 25)",5,"{'NN__alpha': 0.01, 'NN__hidden_layer_sizes': (25, 25), 'gmm__n_components': 5}",0.737067566,0.72260522,0.74967986,0.709194081,0.738887263,0.731489164,0.014087557,273,0.735290589,0.739116854,0.732402889,0.724166357,0.731052905,0.732405919,0.004961431
124,0.306177092,0.007653235,0.009373569,0.007653488,0.01,"(25, 25)",6,"{'NN__alpha': 0.01, 'NN__hidden_layer_sizes': (25, 25), 'gmm__n_components': 6}",0.75633196,0.730760584,0.755083653,0.742245956,0.758378966,0.748557462,0.010548039,13,0.746633873,0.75324105,0.746946174,0.750158695,0.746126309,0.74862122,0.002708748
125,0.293680525,0.030289899,0.00624876,0.007653137,0.01,"(25, 25)",7,"{'NN__alpha': 0.01, 'NN__hidden_layer_sizes': (25, 25), 'gmm__n_components': 7}",0.75633196,0.730760584,0.755083653,0.725391882,0.758378966,0.745190087,0.014113197,119,0.746633873,0.75324105,0.746946174,0.74952144,0.746126309,0.748493769,0.002647713
126,0.296804237,0.009879554,0.012496662,0.011689621,0.01,"(25, 25)",8,"{'NN__alpha': 0.01, 'NN__hidden_layer_sizes': (25, 25), 'gmm__n_components': 8}",0.75633196,0.730760584,0.755083653,0.742245956,0.758378966,0.748557462,0.010548039,13,0.746633873,0.75324105,0.746946174,0.750158695,0.746126309,0.74862122,0.002708748
127,0.31554966,0.054471851,0.012497044,0.006248522,0.01,"(25, 25)",9,"{'NN__alpha': 0.01, 'NN__hidden_layer_sizes': (25, 25), 'gmm__n_components': 9}",0.75633196,0.730760584,0.750409821,0.741182126,0.759361284,0.74760641,0.010463353,57,0.7468389,0.75324105,0.746719868,0.750629177,0.746085918,0.748702983,0.00277708
128,0.284308624,0.018217121,0.015620232,3.99E-07,0.01,"(25, 25)",10,"{'NN__alpha': 0.01, 'NN__hidden_layer_sizes': (25, 25), 'gmm__n_components': 10}",0.752735107,0.730104908,0.750409821,0.743391297,0.760669648,0.747457825,0.010285109,62,0.746140085,0.751805858,0.746719868,0.748478718,0.744160603,0.747461027,0.002572946
129,0.346792459,0.011691099,0.021870136,0.015930967,0.01,"(25, 25)",15,"{'NN__alpha': 0.01, 'NN__hidden_layer_sizes': (25, 25), 'gmm__n_components': 15}",0.743842887,0.732484076,0.754022082,0.741182126,0.759361284,0.746173549,0.00952111,98,0.74534293,0.748167144,0.747191512,0.749872966,0.746371647,0.74738924,0.001551516
130,0.396782303,0.042609311,0.037490225,0.023379847,0.01,"(25, 25)",20,"{'NN__alpha': 0.01, 'NN__hidden_layer_sizes': (25, 25), 'gmm__n_components': 20}",0.741226427,0.730841763,0.755986719,0.701824604,0.760506625,0.738079215,0.020969306,237,0.743601632,0.753506725,0.747110167,0.735266396,0.743854679,0.74466792,0.00590383
131,0.474888086,0.072332306,0.024993277,0.007653157,0.01,"(25, 25)",25,"{'NN__alpha': 0.01, 'NN__hidden_layer_sizes': (25, 25), 'gmm__n_components': 25}",0.74596603,0.730841763,0.754022082,0.724328053,0.759198261,0.742869867,0.013331041,225,0.744606553,0.753405646,0.746639826,0.750257456,0.745759799,0.748133856,0.003243812
132,0.602982664,0.107594757,0.021868467,0.007652981,0.01,"(25, 25)",30,"{'NN__alpha': 0.01, 'NN__hidden_layer_sizes': (25, 25), 'gmm__n_components': 30}",0.755189209,0.730760584,0.742027789,0.725391882,0.759198261,0.742513823,0.013193129,232,0.747023712,0.752874296,0.738733198,0.750277651,0.746025333,0.746986838,0.004786231
133,0.634225607,0.091407361,0.015620708,9.30E-07,0.01,"(25, 25)",35,"{'NN__alpha': 0.01, 'NN__hidden_layer_sizes': (25, 25), 'gmm__n_components': 35}",0.754208817,0.730841763,0.755986719,0.742245956,0.752407725,0.747136236,0.009442827,79,0.747289387,0.753486509,0.746558481,0.7501385,0.736142996,0.746723175,0.005825719
134,0.590484762,0.060420136,0.012496614,0.006248307,0.01,"(25, 25)",40,"{'NN__alpha': 0.01, 'NN__hidden_layer_sizes': (25, 25), 'gmm__n_components': 40}",0.752735107,0.730841763,0.749427502,0.742245956,0.758378966,0.74672238,0.009504884,86,0.745649167,0.752995591,0.746474529,0.750158695,0.746126309,0.748280858,0.002849059
135,1.184094906,0.047792167,0.003124046,0.006248093,0.01,"(100, 25, 100)",2,"{'NN__alpha': 0.01, 'NN__hidden_layer_sizes': (100, 25, 100), 'gmm__n_components': 2}",0.737067566,0.72260522,0.750662178,0.719583664,0.749138904,0.73580966,0.012940001,240,0.735781507,0.739116854,0.732382553,0.739864247,0.732766627,0.735982357,0.003105929
136,1.102864838,0.053750864,0.00624814,0.007652378,0.01,"(100, 25, 100)",3,"{'NN__alpha': 0.01, 'NN__hidden_layer_sizes': (100, 25, 100), 'gmm__n_components': 3}",0.746946422,0.732484076,0.763638791,0.725391882,0.754947122,0.744681473,0.014074289,141,0.744135851,0.747962116,0.740228173,0.749786974,0.742403625,0.744903348,0.003518545
137,1.124734354,0.070555597,0.009372663,0.007652748,0.01,"(100, 25, 100)",4,"{'NN__alpha': 0.01, 'NN__hidden_layer_sizes': (100, 25, 100), 'gmm__n_components': 4}",0.732509055,0.720419633,0.751043844,0.692340008,0.710845212,0.721441702,0.01978969,297,0.713487777,0.716719176,0.723431736,0.723794636,0.719170597,0.719320784,0.003942846
138,1.243454885,0.028972741,0.009372616,0.007652709,0.01,"(100, 25, 100)",5,"{'NN__alpha': 0.01, 'NN__hidden_layer_sizes': (100, 25, 100), 'gmm__n_components': 5}",0.736717872,0.713925315,0.751043844,0.723329014,0.714277056,0.727861281,0.014249373,285,0.726745954,0.732657186,0.723431736,0.734940929,0.72289328,0.728133817,0.004864084
139,1.26532588,0.026139556,0.012496948,0.006248474,0.01,"(100, 25, 100)",6,"{'NN__alpha': 0.01, 'NN__hidden_layer_sizes': (100, 25, 100), 'gmm__n_components': 6}",0.75633196,0.730760584,0.755083653,0.742245956,0.758378966,0.748557462,0.010548039,13,0.746633873,0.75324105,0.746946174,0.750158695,0.746126309,0.74862122,0.002708748
140,1.415290833,0.064484162,0.006248569,0.007652903,0.01,"(100, 25, 100)",7,"{'NN__alpha': 0.01, 'NN__hidden_layer_sizes': (100, 25, 100), 'gmm__n_components': 7}",0.746946422,0.732484076,0.755083653,0.725391882,0.758378966,0.743656114,0.012776154,195,0.744135851,0.747962116,0.746946174,0.74952144,0.746126309,0.746938378,0.001801884
141,1.280946398,0.055889784,0.009373188,0.007653176,0.01,"(100, 25, 100)",8,"{'NN__alpha': 0.01, 'NN__hidden_layer_sizes': (100, 25, 100), 'gmm__n_components': 8}",0.75633196,0.730760584,0.755083653,0.742245956,0.758378966,0.748557462,0.010548039,13,0.746633873,0.75324105,0.746946174,0.750158695,0.746126309,0.74862122,0.002708748
142,1.396543741,0.198483313,0.015620995,5.92E-07,0.01,"(100, 25, 100)",9,"{'NN__alpha': 0.01, 'NN__hidden_layer_sizes': (100, 25, 100), 'gmm__n_components': 9}",0.746946422,0.732484076,0.750409821,0.741182126,0.759361284,0.746072437,0.008996816,104,0.744340879,0.747962116,0.746719868,0.750629177,0.746085918,0.747147592,0.002096312
143,1.846437693,0.247863142,0.012497568,0.006248784,0.01,"(100, 25, 100)",10,"{'NN__alpha': 0.01, 'NN__hidden_layer_sizes': (100, 25, 100), 'gmm__n_components': 10}",0.74482328,0.730760584,0.756065972,0.741182126,0.755766417,0.745715316,0.009521084,109,0.744791365,0.75324105,0.746905501,0.750629177,0.74205731,0.747524881,0.004001532
144,1.746462059,0.348378717,0.012497187,0.006248593,0.01,"(100, 25, 100)",15,"{'NN__alpha': 0.01, 'NN__hidden_layer_sizes': (100, 25, 100), 'gmm__n_components': 15}",0.754208817,0.730841763,0.749427502,0.725391882,0.755766417,0.743128071,0.012550017,210,0.747575277,0.753506725,0.746474529,0.750297846,0.742608573,0.74809259,0.003664319
145,1.643361712,0.178767191,0.006248474,0.007652787,0.01,"(100, 25, 100)",20,"{'NN__alpha': 0.01, 'NN__hidden_layer_sizes': (100, 25, 100), 'gmm__n_components': 20}",0.743842887,0.730841763,0.750409821,0.742164444,0.758378966,0.745122299,0.00914372,127,0.74534293,0.753506725,0.746433857,0.749526652,0.745575046,0.748077042,0.003098975
146,1.790201998,0.233714891,0.015620804,1.19E-06,0.01,"(100, 25, 100)",25,"{'NN__alpha': 0.01, 'NN__hidden_layer_sizes': (100, 25, 100), 'gmm__n_components': 25}",0.754208817,0.730104908,0.750409821,0.742245956,0.759361284,0.747262628,0.010239734,72,0.747575277,0.751805858,0.746719868,0.750649372,0.746371647,0.748624404,0.00219203
147,1.718344164,0.093205734,0.012496901,0.00624845,0.01,"(100, 25, 100)",30,"{'NN__alpha': 0.01, 'NN__hidden_layer_sizes': (100, 25, 100), 'gmm__n_components': 30}",0.755189209,0.730841763,0.755986719,0.742245956,0.759198261,0.748689236,0.010641464,10,0.746818684,0.752934944,0.746824156,0.749893161,0.746331257,0.74856044,0.002527057
148,1.833940363,0.074982009,0.015621901,4.52E-07,0.01,"(100, 25, 100)",35,"{'NN__alpha': 0.01, 'NN__hidden_layer_sizes': (100, 25, 100), 'gmm__n_components': 35}",0.742369177,0.730841763,0.750409821,0.724328053,0.759361284,0.741459881,0.012705289,233,0.743416821,0.753015807,0.746719868,0.749991922,0.746371647,0.747903213,0.003297728
149,1.862060165,0.110193289,0.015621376,9.46E-07,0.01,"(100, 25, 100)",40,"{'NN__alpha': 0.01, 'NN__hidden_layer_sizes': (100, 25, 100), 'gmm__n_components': 40}",0.754208817,0.730841763,0.756065972,0.742245956,0.758215943,0.748312545,0.010346013,46,0.747575277,0.753506725,0.746067804,0.750158695,0.745514461,0.748564592,0.00294896
150,0.640473604,0.013971853,0.003124285,0.006248569,0.001,"(50, 50)",2,"{'NN__alpha': 0.001, 'NN__hidden_layer_sizes': (50, 50), 'gmm__n_components': 2}",0.737067566,0.72260522,0.750662178,0.719583664,0.749138904,0.73580966,0.012940001,240,0.735781507,0.739116854,0.732382553,0.739864247,0.732766627,0.735982357,0.003105929
151,0.815431881,0.038771085,0.009372425,0.007652553,0.001,"(50, 50)",3,"{'NN__alpha': 0.001, 'NN__hidden_layer_sizes': (50, 50), 'gmm__n_components': 3}",0.746946422,0.732484076,0.763638791,0.725391882,0.754947122,0.744681473,0.014074289,141,0.744135851,0.747962116,0.740228173,0.749786974,0.742403625,0.744903348,0.003518545
152,0.749823046,0.120192357,0.009372902,0.007652942,0.001,"(50, 50)",4,"{'NN__alpha': 0.001, 'NN__hidden_layer_sizes': (50, 50), 'gmm__n_components': 4}",0.736717872,0.713925315,0.751043844,0.70647494,0.710845212,0.723808237,0.017171977,289,0.726745954,0.732657186,0.723431736,0.734569207,0.719170597,0.727314936,0.005707843
153,0.706082678,0.018217464,0.003124332,0.006248665,0.001,"(50, 50)",5,"{'NN__alpha': 0.001, 'NN__hidden_layer_sizes': (50, 50), 'gmm__n_components': 5}",0.737067566,0.72260522,0.74967986,0.723329014,0.738887263,0.734313266,0.010221302,260,0.735290589,0.739116854,0.732402889,0.734940929,0.731052905,0.734560833,0.002771159
154,0.706083155,0.015305846,0.009372854,0.007652903,0.001,"(50, 50)",6,"{'NN__alpha': 0.001, 'NN__hidden_layer_sizes': (50, 50), 'gmm__n_components': 6}",0.75633196,0.730760584,0.755083653,0.742245956,0.758378966,0.748557462,0.010548039,13,0.746633873,0.75324105,0.746946174,0.750158695,0.746126309,0.74862122,0.002708748
155,0.884165239,0.085333237,0.003124189,0.006248379,0.001,"(50, 50)",7,"{'NN__alpha': 0.001, 'NN__hidden_layer_sizes': (50, 50), 'gmm__n_components': 7}",0.746946422,0.730760584,0.755083653,0.742245956,0.758378966,0.746678439,0.009805566,90,0.744135851,0.75324105,0.746946174,0.750158695,0.746126309,0.748121616,0.00321271
156,0.712331009,0.018745804,0.006248999,0.007653429,0.001,"(50, 50)",8,"{'NN__alpha': 0.001, 'NN__hidden_layer_sizes': (50, 50), 'gmm__n_components': 8}",0.75633196,0.712201823,0.755083653,0.742245956,0.758378966,0.744841922,0.017281832,135,0.746633873,0.73793612,0.746946174,0.750158695,0.746126309,0.745560234,0.004066126
157,0.73107686,0.011690309,0.006248474,0.007652787,0.001,"(50, 50)",9,"{'NN__alpha': 0.001, 'NN__hidden_layer_sizes': (50, 50), 'gmm__n_components': 9}",0.75633196,0.730760584,0.756065972,0.741182126,0.759361284,0.74873764,0.010997413,6,0.7468389,0.75324105,0.746905501,0.750629177,0.746085918,0.748740109,0.002751442
158,0.927905941,0.230560909,0.009372473,0.007652592,0.001,"(50, 50)",10,"{'NN__alpha': 0.001, 'NN__hidden_layer_sizes': (50, 50), 'gmm__n_components': 10}",0.741226427,0.730760584,0.75704829,0.743391297,0.759198261,0.746318726,0.010560857,96,0.74409255,0.753160187,0.746578818,0.748478718,0.746045528,0.74767116,0.003079737
159,0.924781227,0.15602605,0.009372902,0.007652942,0.001,"(50, 50)",15,"{'NN__alpha': 0.001, 'NN__hidden_layer_sizes': (50, 50), 'gmm__n_components': 15}",0.752735107,0.730104908,0.749427502,0.725391882,0.756255486,0.742783221,0.012551159,226,0.745649167,0.75131494,0.746474529,0.749807169,0.739906852,0.746630532,0.003955502
160,0.946651268,0.099093919,0.003124332,0.006248665,0.001,"(50, 50)",20,"{'NN__alpha': 0.001, 'NN__hidden_layer_sizes': (50, 50), 'gmm__n_components': 20}",0.754208817,0.730841763,0.754022082,0.724328053,0.758378966,0.744356415,0.013932577,173,0.747575277,0.753506725,0.746905501,0.749991922,0.74584058,0.748764001,0.002735496
161,0.915407991,0.039021399,0.012496567,0.006248283,0.001,"(50, 50)",25,"{'NN__alpha': 0.001, 'NN__hidden_layer_sizes': (50, 50), 'gmm__n_components': 25}",0.755189209,0.730760584,0.750330568,0.726374201,0.755766417,0.743684973,0.012562055,192,0.746818684,0.752894512,0.746638523,0.749971727,0.742363234,0.747737336,0.003536135
162,1.377799368,0.343583684,0.015620947,8.92E-07,0.001,"(50, 50)",30,"{'NN__alpha': 0.001, 'NN__hidden_layer_sizes': (50, 50), 'gmm__n_components': 30}",0.754208817,0.730760584,0.754022082,0.725391882,0.759198261,0.744716403,0.013815378,140,0.747575277,0.753139971,0.747191512,0.750277651,0.746331257,0.748903134,0.002495896
163,1.524639034,0.315627511,0.012497282,0.006248641,0.001,"(50, 50)",35,"{'NN__alpha': 0.001, 'NN__hidden_layer_sizes': (50, 50), 'gmm__n_components': 35}",0.754208817,0.730841763,0.759947276,0.724328053,0.759198261,0.745705145,0.015064941,111,0.747575277,0.753160187,0.739389172,0.750257456,0.745779994,0.747232417,0.004648288
164,1.827692652,0.423679943,0.018745995,0.00624795,0.001,"(50, 50)",40,"{'NN__alpha': 0.001, 'NN__hidden_layer_sizes': (50, 50), 'gmm__n_components': 40}",0.755189209,0.730841763,0.755004401,0.742245956,0.755766417,0.747807104,0.009885843,52,0.747309602,0.75324105,0.747436851,0.750649372,0.742363234,0.748200022,0.003656628
165,0.234318399,0.009879856,0.003124094,0.006248188,0.001,"(50,)",2,"{'NN__alpha': 0.001, 'NN__hidden_layer_sizes': (50,), 'gmm__n_components': 2}",0.737067566,0.72260522,0.750662178,0.719583664,0.749138904,0.73580966,0.012940001,240,0.735781507,0.739116854,0.732382553,0.739864247,0.732766627,0.735982357,0.003105929
166,0.228071404,0.012496567,0.009372711,0.007652787,0.001,"(50,)",3,"{'NN__alpha': 0.001, 'NN__hidden_layer_sizes': (50,), 'gmm__n_components': 3}",0.746946422,0.732484076,0.763638791,0.725391882,0.754947122,0.744681473,0.014074289,141,0.744135851,0.747962116,0.740228173,0.749786974,0.742403625,0.744903348,0.003518545
167,0.243691254,0.007653118,0.006248569,0.007652903,0.001,"(50,)",4,"{'NN__alpha': 0.001, 'NN__hidden_layer_sizes': (50,), 'gmm__n_components': 4}",0.736717872,0.713925315,0.751043844,0.70647494,0.735455419,0.728725256,0.016255143,277,0.726745954,0.732657186,0.723431736,0.734569207,0.727330221,0.728946861,0.004080476
168,0.281183624,0.009880685,0.006248522,0.007652845,0.001,"(50,)",5,"{'NN__alpha': 0.001, 'NN__hidden_layer_sizes': (50,), 'gmm__n_components': 5}",0.737067566,0.72260522,0.74967986,0.723329014,0.738887263,0.734313266,0.010221302,260,0.735290589,0.739116854,0.732402889,0.734940929,0.731052905,0.734560833,0.002771159
169,0.284307337,0.031860778,0,0,0.001,"(50,)",6,"{'NN__alpha': 0.001, 'NN__hidden_layer_sizes': (50,), 'gmm__n_components': 6}",0.75633196,0.730760584,0.755083653,0.742245956,0.758378966,0.748557462,0.010548039,13,0.746633873,0.75324105,0.746946174,0.750158695,0.746126309,0.74862122,0.002708748
170,0.312425756,0.013972279,0.009372234,0.007652397,0.001,"(50,)",7,"{'NN__alpha': 0.001, 'NN__hidden_layer_sizes': (50,), 'gmm__n_components': 7}",0.75633196,0.730760584,0.755083653,0.725391882,0.758378966,0.745190087,0.014113197,119,0.746633873,0.75324105,0.746946174,0.74952144,0.746126309,0.748493769,0.002647713
171,0.30930233,0.041211825,0.009372759,0.007652826,0.001,"(50,)",8,"{'NN__alpha': 0.001, 'NN__hidden_layer_sizes': (50,), 'gmm__n_components': 8}",0.75633196,0.730760584,0.755083653,0.742245956,0.738887263,0.7446631,0.009772709,164,0.746633873,0.75324105,0.746946174,0.750158695,0.731052905,0.745606539,0.007663761
172,0.296805048,0.017112761,0.006248617,0.007652962,0.001,"(50,)",9,"{'NN__alpha': 0.001, 'NN__hidden_layer_sizes': (50,), 'gmm__n_components': 9}",0.75633196,0.730760584,0.756065972,0.724328053,0.759361284,0.745370265,0.014739144,113,0.7468389,0.75324105,0.746905501,0.749991922,0.746085918,0.748612658,0.002674674
173,0.309300995,0.018217497,0.012497759,0.006248879,0.001,"(50,)",10,"{'NN__alpha': 0.001, 'NN__hidden_layer_sizes': (50,), 'gmm__n_components': 10}",0.74482328,0.730760584,0.75704829,0.725310371,0.759198261,0.743426336,0.01359742,203,0.744791365,0.753160187,0.746578818,0.749665803,0.746045528,0.74804834,0.003017476
174,0.431147337,0.040253108,0.003124237,0.006248474,0.001,"(50,)",15,"{'NN__alpha': 0.001, 'NN__hidden_layer_sizes': (50,), 'gmm__n_components': 15}",0.754208817,0.730841763,0.755004401,0.725391882,0.75592944,0.744276022,0.013314902,176,0.747289387,0.753506725,0.747436851,0.749541635,0.74238343,0.748031605,0.003607316
175,0.412403202,0.047995537,0.00937252,0.007652631,0.001,"(50,)",20,"{'NN__alpha': 0.001, 'NN__hidden_layer_sizes': (50,), 'gmm__n_components': 20}",0.757312352,0.730760584,0.755004401,0.724328053,0.75592944,0.744668561,0.014145525,161,0.746573225,0.75295516,0.74715084,0.749991922,0.742097701,0.747753769,0.003628005
176,0.468639517,0.026138758,0.006248236,0.007652495,0.001,"(50,)",25,"{'NN__alpha': 0.001, 'NN__hidden_layer_sizes': (50,), 'gmm__n_components': 25}",0.755189209,0.730760584,0.755986719,0.725310371,0.755766417,0.744603655,0.013637446,168,0.747309602,0.752894512,0.747110167,0.749665803,0.742363234,0.747868664,0.003455039
177,0.765443659,0.039519423,0.012498188,0.006249095,0.001,"(50,)",30,"{'NN__alpha': 0.001, 'NN__hidden_layer_sizes': (50,), 'gmm__n_components': 30}",0.743842887,0.730760584,0.766664998,0.743228274,0.755766417,0.748047654,0.012216158,47,0.74534293,0.753139971,0.739635814,0.750037524,0.742608573,0.746152963,0.004890811
178,0.862294149,0.042378742,0.015621567,1.06E-06,0.001,"(50,)",35,"{'NN__alpha': 0.001, 'NN__hidden_layer_sizes': (50,), 'gmm__n_components': 35}",0.755189209,0.730760584,0.750330568,0.725310371,0.759198261,0.744158093,0.01356787,180,0.747023712,0.752874296,0.746352512,0.749665803,0.745759799,0.748335224,0.00263278
179,1.506127071,1.078606142,0.015621233,4.86E-07,0.001,"(50,)",40,"{'NN__alpha': 0.001, 'NN__hidden_layer_sizes': (50,), 'gmm__n_components': 40}",0.755189209,0.730841763,0.750330568,0.743391297,0.759198261,0.74778684,0.009981372,54,0.747309602,0.753015807,0.746638523,0.747988041,0.746331257,0.748256646,0.002447207
180,0.140591526,1.32E-06,0,0,0.001,"(25,)",2,"{'NN__alpha': 0.001, 'NN__hidden_layer_sizes': (25,), 'gmm__n_components': 2}",0.737067566,0.72260522,0.750662178,0.719583664,0.749138904,0.73580966,0.012940001,240,0.735781507,0.739116854,0.732382553,0.739864247,0.732766627,0.735982357,0.003105929
181,0.181206369,0.00765193,0,0,0.001,"(25,)",3,"{'NN__alpha': 0.001, 'NN__hidden_layer_sizes': (25,), 'gmm__n_components': 3}",0.746946422,0.732484076,0.763638791,0.725391882,0.754947122,0.744681473,0.014074289,141,0.744135851,0.747962116,0.740228173,0.749786974,0.742403625,0.744903348,0.003518545
182,0.162460804,0.021189396,0.006248665,0.00765302,0.001,"(25,)",4,"{'NN__alpha': 0.001, 'NN__hidden_layer_sizes': (25,), 'gmm__n_components': 4}",0.736717872,0.713925315,0.751043844,0.70647494,0.735455419,0.728725256,0.016255143,277,0.726745954,0.732657186,0.723431736,0.734569207,0.727330221,0.728946861,0.004080476
183,0.224947262,0.012497163,0,0,0.001,"(25,)",5,"{'NN__alpha': 0.001, 'NN__hidden_layer_sizes': (25,), 'gmm__n_components': 5}",0.737067566,0.72260522,0.74967986,0.723329014,0.738887263,0.734313266,0.010221302,260,0.735290589,0.739116854,0.732402889,0.734940929,0.731052905,0.734560833,0.002771159
184,0.219403553,0.022629247,0.004404545,0.007183786,0.001,"(25,)",6,"{'NN__alpha': 0.001, 'NN__hidden_layer_sizes': (25,), 'gmm__n_components': 6}",0.737067566,0.72260522,0.755083653,0.742245956,0.758378966,0.743067915,0.012918452,216,0.735290589,0.739116854,0.746946174,0.750158695,0.746126309,0.743527724,0.005472009
185,0.25282588,0.008090289,0.006248665,0.00765302,0.001,"(25,)",7,"{'NN__alpha': 0.001, 'NN__hidden_layer_sizes': (25,), 'gmm__n_components': 7}",0.75633196,0.730760584,0.755083653,0.742245956,0.758378966,0.748557462,0.010548039,13,0.746633873,0.75324105,0.746946174,0.750158695,0.746126309,0.74862122,0.002708748
186,0.276136589,0.009412484,0.003124332,0.006248665,0.001,"(25,)",8,"{'NN__alpha': 0.001, 'NN__hidden_layer_sizes': (25,), 'gmm__n_components': 8}",0.746946422,0.732484076,0.755083653,0.725391882,0.758378966,0.743656114,0.012776154,195,0.744135851,0.747962116,0.746946174,0.74952144,0.746126309,0.746938378,0.001801884
187,0.296637249,0.02273042,0.009050274,0.007413013,0.001,"(25,)",9,"{'NN__alpha': 0.001, 'NN__hidden_layer_sizes': (25,), 'gmm__n_components': 9}",0.752735107,0.730760584,0.750409821,0.741182126,0.759361284,0.746886305,0.009949206,82,0.746140085,0.75324105,0.746719868,0.750629177,0.746085918,0.74856322,0.002882944
188,0.223860645,0.015621756,0.006248808,0.007653195,0.001,"(25,)",10,"{'NN__alpha': 0.001, 'NN__hidden_layer_sizes': (25,), 'gmm__n_components': 10}",0.752735107,0.730104908,0.750409821,0.743391297,0.760669648,0.747457825,0.010285109,62,0.746140085,0.751805858,0.746719868,0.748478718,0.744160603,0.747461027,0.002572946
189,0.327531433,0.028667427,0.015621424,0.009879856,0.001,"(25,)",15,"{'NN__alpha': 0.001, 'NN__hidden_layer_sizes': (25,), 'gmm__n_components': 15}",0.755189209,0.730760584,0.755004401,0.742245956,0.759361284,0.748509091,0.0105738,41,0.747309602,0.752874296,0.747171176,0.750363643,0.746085918,0.748760927,0.002501113
190,0.384284496,0.050955671,0.015621042,0.00987963,0.001,"(25,)",20,"{'NN__alpha': 0.001, 'NN__hidden_layer_sizes': (25,), 'gmm__n_components': 20}",0.743842887,0.730841763,0.756065972,0.725391882,0.758215943,0.742869869,0.013117452,222,0.74534293,0.753015807,0.747191512,0.749807169,0.746085918,0.748288667,0.002806596
191,0.39990654,0.015930649,0.012496233,0.006248117,0.001,"(25,)",25,"{'NN__alpha': 0.001, 'NN__hidden_layer_sizes': (25,), 'gmm__n_components': 25}",0.74482328,0.730760584,0.755004401,0.726374201,0.759361284,0.743262678,0.012966095,207,0.745077256,0.752750132,0.747436851,0.749685998,0.746371647,0.748264377,0.002704366
192,0.481135702,0.02863422,0.012497234,0.006248617,0.001,"(25,)",30,"{'NN__alpha': 0.001, 'NN__hidden_layer_sizes': (25,), 'gmm__n_components': 30}",0.75633196,0.730841763,0.755986719,0.742245956,0.759198261,0.748918019,0.010789996,1,0.747124791,0.753405646,0.746558481,0.750158695,0.746025333,0.748654589,0.002774232
193,0.621727562,0.057098147,0.015621281,5.35E-07,0.001,"(25,)",35,"{'NN__alpha': 0.001, 'NN__hidden_layer_sizes': (25,), 'gmm__n_components': 35}",0.75633196,0.730023729,0.755004401,0.724328053,0.759361284,0.745010429,0.014738241,131,0.7468389,0.751519968,0.746885165,0.750257456,0.746065723,0.748313442,0.002159976
194,0.693585491,0.071654491,0.015620089,5.35E-07,0.001,"(25,)",40,"{'NN__alpha': 0.001, 'NN__hidden_layer_sizes': (25,), 'gmm__n_components': 40}",0.754208817,0.730841763,0.749427502,0.726374201,0.758378966,0.743846311,0.01283649,187,0.747084359,0.753425862,0.746474529,0.74948105,0.746126309,0.748518422,0.002719039
195,0.27180934,0.023380127,0.015622139,0.009880534,0.001,"(25, 25)",2,"{'NN__alpha': 0.001, 'NN__hidden_layer_sizes': (25, 25), 'gmm__n_components': 2}",0.737067566,0.72260522,0.750662178,0.719583664,0.749138904,0.73580966,0.012940001,240,0.735781507,0.739116854,0.732382553,0.739864247,0.732766627,0.735982357,0.003105929
196,0.268687153,0.006249118,0.012497044,0.011690041,0.001,"(25, 25)",3,"{'NN__alpha': 0.001, 'NN__hidden_layer_sizes': (25, 25), 'gmm__n_components': 3}",0.746946422,0.732484076,0.763638791,0.725391882,0.754947122,0.744681473,0.014074289,141,0.744135851,0.747962116,0.740228173,0.749786974,0.742403625,0.744903348,0.003518545
197,0.318673658,0.02338021,0.012497425,0.011689952,0.001,"(25, 25)",4,"{'NN__alpha': 0.001, 'NN__hidden_layer_sizes': (25, 25), 'gmm__n_components': 4}",0.736717872,0.713925315,0.751043844,0.70647494,0.710845212,0.723808237,0.017171977,289,0.726745954,0.732657186,0.723431736,0.734569207,0.719170597,0.727314936,0.005707843
198,0.353041363,0.044840699,0.015621042,0.009879479,0.001,"(25, 25)",5,"{'NN__alpha': 0.001, 'NN__hidden_layer_sizes': (25, 25), 'gmm__n_components': 5}",0.737067566,0.72260522,0.74967986,0.709194081,0.738887263,0.731489164,0.014087557,273,0.735290589,0.739116854,0.732402889,0.724166357,0.731052905,0.732405919,0.004961431
199,0.349916887,0.007651658,0.021869373,0.007652339,0.001,"(25, 25)",6,"{'NN__alpha': 0.001, 'NN__hidden_layer_sizes': (25, 25), 'gmm__n_components': 6}",0.75633196,0.730760584,0.755083653,0.742245956,0.758378966,0.748557462,0.010548039,13,0.746633873,0.75324105,0.746946174,0.750158695,0.746126309,0.74862122,0.002708748
200,0.35304122,0.037750051,0.018744421,0.006247544,0.001,"(25, 25)",7,"{'NN__alpha': 0.001, 'NN__hidden_layer_sizes': (25, 25), 'gmm__n_components': 7}",0.75633196,0.730760584,0.755083653,0.725391882,0.758378966,0.745190087,0.014113197,119,0.746633873,0.75324105,0.746946174,0.74952144,0.746126309,0.748493769,0.002647713
201,0.346793365,0.011690538,0.021869326,0.007652573,0.001,"(25, 25)",8,"{'NN__alpha': 0.001, 'NN__hidden_layer_sizes': (25, 25), 'gmm__n_components': 8}",0.75633196,0.730760584,0.755083653,0.742245956,0.758378966,0.748557462,0.010548039,13,0.746633873,0.75324105,0.746946174,0.750158695,0.746126309,0.74862122,0.002708748
202,0.39053278,0.066276526,0.018745661,0.018217808,0.001,"(25, 25)",9,"{'NN__alpha': 0.001, 'NN__hidden_layer_sizes': (25, 25), 'gmm__n_components': 9}",0.75633196,0.730760584,0.750409821,0.741182126,0.759361284,0.74760641,0.010463353,57,0.7468389,0.75324105,0.746719868,0.750629177,0.746085918,0.748702983,0.00277708
203,0.356166267,0.020723542,0.018745661,0.006248355,0.001,"(25, 25)",10,"{'NN__alpha': 0.001, 'NN__hidden_layer_sizes': (25, 25), 'gmm__n_components': 10}",0.752735107,0.730104908,0.750409821,0.743391297,0.760669648,0.747457825,0.010285109,62,0.746140085,0.751805858,0.746719868,0.748478718,0.744160603,0.747461027,0.002572946
204,0.409277391,0.020724534,0.024994707,0.007653059,0.001,"(25, 25)",15,"{'NN__alpha': 0.001, 'NN__hidden_layer_sizes': (25, 25), 'gmm__n_components': 15}",0.743842887,0.732484076,0.754022082,0.741182126,0.759361284,0.746173549,0.00952111,98,0.74534293,0.748167144,0.747191512,0.749872966,0.746371647,0.74738924,0.001551516
205,0.459266806,0.056410755,0.037490559,0.012497151,0.001,"(25, 25)",20,"{'NN__alpha': 0.001, 'NN__hidden_layer_sizes': (25, 25), 'gmm__n_components': 20}",0.741226427,0.730841763,0.755986719,0.701824604,0.760506625,0.738079215,0.020969306,237,0.743601632,0.753506725,0.747110167,0.735266396,0.743854679,0.74466792,0.00590383
206,0.565491772,0.11954087,0.031242085,0.009880007,0.001,"(25, 25)",25,"{'NN__alpha': 0.001, 'NN__hidden_layer_sizes': (25, 25), 'gmm__n_components': 25}",0.74596603,0.730841763,0.754022082,0.725391882,0.759198261,0.743082416,0.013039,214,0.744606553,0.753405646,0.746639826,0.750277651,0.745759799,0.748137895,0.003246465
207,0.774817848,0.164610323,0.02186842,0.007652728,0.001,"(25, 25)",30,"{'NN__alpha': 0.001, 'NN__hidden_layer_sizes': (25, 25), 'gmm__n_components': 30}",0.754208817,0.730760584,0.755004401,0.725391882,0.759198261,0.744912867,0.013952617,134,0.747289387,0.752874296,0.746885165,0.750277651,0.746025333,0.748670366,0.002543487
208,0.743574476,0.07563037,0.018745613,0.006248498,0.001,"(25, 25)",35,"{'NN__alpha': 0.001, 'NN__hidden_layer_sizes': (25, 25), 'gmm__n_components': 35}",0.754208817,0.730841763,0.755986719,0.742245956,0.752407725,0.747136236,0.009442827,79,0.747289387,0.753486509,0.746558481,0.7501385,0.736142996,0.746723175,0.005825719
209,0.69983387,0.066568936,0.015620661,9.58E-07,0.001,"(25, 25)",40,"{'NN__alpha': 0.001, 'NN__hidden_layer_sizes': (25, 25), 'gmm__n_components': 40}",0.752735107,0.730841763,0.749427502,0.742245956,0.758378966,0.74672238,0.009504884,86,0.745649167,0.752995591,0.746474529,0.750158695,0.746126309,0.748280858,0.002849059
210,1.477775478,0.116730704,0.00937314,0.007653137,0.001,"(100, 25, 100)",2,"{'NN__alpha': 0.001, 'NN__hidden_layer_sizes': (100, 25, 100), 'gmm__n_components': 2}",0.737067566,0.72260522,0.750662178,0.719583664,0.749138904,0.73580966,0.012940001,240,0.735781507,0.739116854,0.732382553,0.739864247,0.732766627,0.735982357,0.003105929
211,1.365302134,0.018745089,0.006248713,0.007653079,0.001,"(100, 25, 100)",3,"{'NN__alpha': 0.001, 'NN__hidden_layer_sizes': (100, 25, 100), 'gmm__n_components': 3}",0.746946422,0.732484076,0.763638791,0.725391882,0.754947122,0.744681473,0.014074289,141,0.744135851,0.747962116,0.740228173,0.749786974,0.742403625,0.744903348,0.003518545
212,1.440284967,0.08578917,0.012497759,0.006248879,0.001,"(100, 25, 100)",4,"{'NN__alpha': 0.001, 'NN__hidden_layer_sizes': (100, 25, 100), 'gmm__n_components': 4}",0.732509055,0.720419633,0.751043844,0.692340008,0.710845212,0.721441702,0.01978969,297,0.713487777,0.716719176,0.723431736,0.723794636,0.719170597,0.719320784,0.003942846
213,1.490271854,0.054653567,0.009372997,0.00765302,0.001,"(100, 25, 100)",5,"{'NN__alpha': 0.001, 'NN__hidden_layer_sizes': (100, 25, 100), 'gmm__n_components': 5}",0.736717872,0.713925315,0.751043844,0.723329014,0.714277056,0.727861281,0.014249373,285,0.726745954,0.732657186,0.723431736,0.734940929,0.72289328,0.728133817,0.004864084
214,1.50589385,0.045917268,0.00624814,0.007652378,0.001,"(100, 25, 100)",6,"{'NN__alpha': 0.001, 'NN__hidden_layer_sizes': (100, 25, 100), 'gmm__n_components': 6}",0.75633196,0.730760584,0.755083653,0.742245956,0.758378966,0.748557462,0.010548039,13,0.746633873,0.75324105,0.746946174,0.750158695,0.746126309,0.74862122,0.002708748
215,1.599622488,0.065237173,0.006248379,0.00765267,0.001,"(100, 25, 100)",7,"{'NN__alpha': 0.001, 'NN__hidden_layer_sizes': (100, 25, 100), 'gmm__n_components': 7}",0.746946422,0.732484076,0.755083653,0.725391882,0.758378966,0.743656114,0.012776154,195,0.744135851,0.747962116,0.746946174,0.74952144,0.746126309,0.746938378,0.001801884
216,1.459030008,0.052836181,0.015621424,8.40E-07,0.001,"(100, 25, 100)",8,"{'NN__alpha': 0.001, 'NN__hidden_layer_sizes': (100, 25, 100), 'gmm__n_components': 8}",0.75633196,0.730760584,0.755083653,0.742245956,0.758378966,0.748557462,0.010548039,13,0.746633873,0.75324105,0.746946174,0.750158695,0.746126309,0.74862122,0.002708748
217,1.805823326,0.205965089,0.015620852,1.71E-06,0.001,"(100, 25, 100)",9,"{'NN__alpha': 0.001, 'NN__hidden_layer_sizes': (100, 25, 100), 'gmm__n_components': 9}",0.746946422,0.730760584,0.750409821,0.741182126,0.759361284,0.745727387,0.009528676,108,0.744340879,0.75324105,0.746719868,0.750629177,0.746085918,0.748203378,0.003251645
218,2.083882046,0.343753475,0.00937314,0.007653137,0.001,"(100, 25, 100)",10,"{'NN__alpha': 0.001, 'NN__hidden_layer_sizes': (100, 25, 100), 'gmm__n_components': 10}",0.74482328,0.730760584,0.756065972,0.741182126,0.759361284,0.746433555,0.010351587,94,0.744791365,0.75324105,0.746905501,0.750629177,0.746085918,0.748330602,0.003130229
219,2.07763381,0.380211371,0.018745422,0.015305671,0.001,"(100, 25, 100)",15,"{'NN__alpha': 0.001, 'NN__hidden_layer_sizes': (100, 25, 100), 'gmm__n_components': 15}",0.754208817,0.730841763,0.749427502,0.725391882,0.755766417,0.743128071,0.012550017,210,0.747575277,0.753506725,0.746474529,0.750297846,0.742608573,0.74809259,0.003664319
220,1.815195656,0.224077827,0.015621758,9.37E-07,0.001,"(100, 25, 100)",20,"{'NN__alpha': 0.001, 'NN__hidden_layer_sizes': (100, 25, 100), 'gmm__n_components': 20}",0.743842887,0.730841763,0.750409821,0.742164444,0.758378966,0.745122299,0.00914372,127,0.74534293,0.753506725,0.746433857,0.749526652,0.745575046,0.748077042,0.003098975
221,2.115125084,0.558587532,0.015621328,7.01E-07,0.001,"(100, 25, 100)",25,"{'NN__alpha': 0.001, 'NN__hidden_layer_sizes': (100, 25, 100), 'gmm__n_components': 25}",0.754208817,0.730104908,0.750409821,0.742245956,0.759361284,0.747262628,0.010239734,72,0.747575277,0.751805858,0.746719868,0.750649372,0.746371647,0.748624404,0.00219203
222,1.852687454,0.143035448,0.015621996,8.48E-07,0.001,"(100, 25, 100)",30,"{'NN__alpha': 0.001, 'NN__hidden_layer_sizes': (100, 25, 100), 'gmm__n_components': 30}",0.755189209,0.730841763,0.755986719,0.742245956,0.759198261,0.748689236,0.010641464,10,0.746818684,0.752934944,0.746824156,0.749893161,0.746331257,0.74856044,0.002527057
223,2.183857822,0.19345179,0.018745327,0.006248641,0.001,"(100, 25, 100)",35,"{'NN__alpha': 0.001, 'NN__hidden_layer_sizes': (100, 25, 100), 'gmm__n_components': 35}",0.742369177,0.730841763,0.750409821,0.724328053,0.759361284,0.741459881,0.012705289,233,0.743416821,0.752995591,0.746719868,0.749991922,0.746371647,0.74789917,0.003291463
224,2.252592421,0.214507432,0.018745327,0.006248283,0.001,"(100, 25, 100)",40,"{'NN__alpha': 0.001, 'NN__hidden_layer_sizes': (100, 25, 100), 'gmm__n_components': 40}",0.754208817,0.730841763,0.750409821,0.742245956,0.758215943,0.747181315,0.009727122,76,0.747575277,0.753506725,0.74559616,0.750158695,0.745514461,0.748470263,0.003033644
225,0.774817038,0.033649094,0.006248236,0.007652495,0.0001,"(50, 50)",2,"{'NN__alpha': 0.0001, 'NN__hidden_layer_sizes': (50, 50), 'gmm__n_components': 2}",0.737067566,0.72260522,0.750662178,0.719583664,0.749138904,0.73580966,0.012940001,240,0.735781507,0.739116854,0.732382553,0.739864247,0.732766627,0.735982357,0.003105929
226,0.896663475,0.015931041,0,0,0.0001,"(50, 50)",3,"{'NN__alpha': 0.0001, 'NN__hidden_layer_sizes': (50, 50), 'gmm__n_components': 3}",0.746946422,0.732484076,0.763638791,0.725391882,0.754947122,0.744681473,0.014074289,141,0.744135851,0.747962116,0.740228173,0.749786974,0.742403625,0.744903348,0.003518545
227,0.921657753,0.140765479,0.00624876,0.007653137,0.0001,"(50, 50)",4,"{'NN__alpha': 0.0001, 'NN__hidden_layer_sizes': (50, 50), 'gmm__n_components': 4}",0.736717872,0.713925315,0.751043844,0.70647494,0.710845212,0.723808237,0.017171977,289,0.726745954,0.732657186,0.723431736,0.734569207,0.719170597,0.727314936,0.005707843
228,0.837301731,0.025380952,0,0,0.0001,"(50, 50)",5,"{'NN__alpha': 0.0001, 'NN__hidden_layer_sizes': (50, 50), 'gmm__n_components': 5}",0.737067566,0.72260522,0.74967986,0.723329014,0.738887263,0.734313266,0.010221302,260,0.735290589,0.739116854,0.732402889,0.734940929,0.731052905,0.734560833,0.002771159
229,0.843550253,0.040736878,0,0,0.0001,"(50, 50)",6,"{'NN__alpha': 0.0001, 'NN__hidden_layer_sizes': (50, 50), 'gmm__n_components': 6}",0.75633196,0.730760584,0.755083653,0.742245956,0.758378966,0.748557462,0.010548039,13,0.746633873,0.75324105,0.746946174,0.750158695,0.746126309,0.74862122,0.002708748
230,0.996639776,0.12706214,0.012496567,0.006248283,0.0001,"(50, 50)",7,"{'NN__alpha': 0.0001, 'NN__hidden_layer_sizes': (50, 50), 'gmm__n_components': 7}",0.746946422,0.730760584,0.755083653,0.742245956,0.758378966,0.746678439,0.009805566,90,0.744135851,0.75324105,0.746946174,0.750158695,0.746126309,0.748121616,0.00321271
231,0.859172678,0.024200944,0.006248474,0.007652787,0.0001,"(50, 50)",8,"{'NN__alpha': 0.0001, 'NN__hidden_layer_sizes': (50, 50), 'gmm__n_components': 8}",0.75633196,0.712201823,0.755083653,0.742245956,0.758378966,0.744841922,0.017281832,135,0.746633873,0.73793612,0.746946174,0.750158695,0.746126309,0.745560234,0.004066126
232,0.89978714,0.015930901,0.003124332,0.006248665,0.0001,"(50, 50)",9,"{'NN__alpha': 0.0001, 'NN__hidden_layer_sizes': (50, 50), 'gmm__n_components': 9}",0.75633196,0.730760584,0.756065972,0.741182126,0.759361284,0.74873764,0.010997413,6,0.7468389,0.75324105,0.746905501,0.750629177,0.746085918,0.748740109,0.002751442
233,1.084117985,0.217713815,0.006248665,0.00765302,0.0001,"(50, 50)",10,"{'NN__alpha': 0.0001, 'NN__hidden_layer_sizes': (50, 50), 'gmm__n_components': 10}",0.741226427,0.730760584,0.75704829,0.743391297,0.759198261,0.746318726,0.010560857,96,0.74409255,0.753160187,0.746578818,0.748478718,0.746045528,0.74767116,0.003079737
234,1.062248468,0.145538444,0.009373236,0.007653215,0.0001,"(50, 50)",15,"{'NN__alpha': 0.0001, 'NN__hidden_layer_sizes': (50, 50), 'gmm__n_components': 15}",0.752735107,0.730104908,0.749427502,0.725391882,0.756255486,0.742783221,0.012551159,226,0.746140085,0.75131494,0.746474529,0.749807169,0.740192581,0.746785861,0.003837347
235,1.102863455,0.170722927,0.01249733,0.006248665,0.0001,"(50, 50)",20,"{'NN__alpha': 0.0001, 'NN__hidden_layer_sizes': (50, 50), 'gmm__n_components': 20}",0.754208817,0.730841763,0.754022082,0.724328053,0.759361284,0.744552678,0.014134185,172,0.747575277,0.753506725,0.746905501,0.749991922,0.746085918,0.748813069,0.00268434
236,1.18409543,0.057946598,0.015621567,8.61E-07,0.0001,"(50, 50)",25,"{'NN__alpha': 0.0001, 'NN__hidden_layer_sizes': (50, 50), 'gmm__n_components': 25}",0.755189209,0.730760584,0.750330568,0.726374201,0.755766417,0.743684973,0.012562055,192,0.746818684,0.752894512,0.746638523,0.749971727,0.742363234,0.747737336,0.003536135
237,1.518391943,0.235545324,0.01562047,1.06E-06,0.0001,"(50, 50)",30,"{'NN__alpha': 0.0001, 'NN__hidden_layer_sizes': (50, 50), 'gmm__n_components': 30}",0.754208817,0.730760584,0.750409821,0.725391882,0.759198261,0.743993951,0.013398008,184,0.747575277,0.753139971,0.746147846,0.750277651,0.746331257,0.7486944,0.002668018
238,1.849563122,0.422365169,0.015620708,1.17E-06,0.0001,"(50, 50)",35,"{'NN__alpha': 0.0001, 'NN__hidden_layer_sizes': (50, 50), 'gmm__n_components': 35}",0.754208817,0.730841763,0.759947276,0.724328053,0.759361284,0.745737716,0.015094227,107,0.747575277,0.753160187,0.739389172,0.750257456,0.745820385,0.747240495,0.004645791
239,2.108876562,0.371642907,0.01562109,1.21E-06,0.0001,"(50, 50)",40,"{'NN__alpha': 0.0001, 'NN__hidden_layer_sizes': (50, 50), 'gmm__n_components': 40}",0.755189209,0.730841763,0.755986719,0.742245956,0.755766417,0.748003568,0.010035552,51,0.747309602,0.75324105,0.747110167,0.750649372,0.742363234,0.748134685,0.003672565
240,0.271810722,0.012496555,0.006248331,0.007652611,0.0001,"(50,)",2,"{'NN__alpha': 0.0001, 'NN__hidden_layer_sizes': (50,), 'gmm__n_components': 2}",0.737067566,0.72260522,0.750662178,0.719583664,0.749138904,0.73580966,0.012940001,240,0.735781507,0.739116854,0.732382553,0.739864247,0.732766627,0.735982357,0.003105929
241,0.262437868,0.011689837,0,0,0.0001,"(50,)",3,"{'NN__alpha': 0.0001, 'NN__hidden_layer_sizes': (50,), 'gmm__n_components': 3}",0.746946422,0.732484076,0.763638791,0.725391882,0.754947122,0.744681473,0.014074289,141,0.744135851,0.747962116,0.740228173,0.749786974,0.742403625,0.744903348,0.003518545
242,0.278060055,0.006248283,0.006248331,0.007652611,0.0001,"(50,)",4,"{'NN__alpha': 0.0001, 'NN__hidden_layer_sizes': (50,), 'gmm__n_components': 4}",0.736717872,0.713925315,0.751043844,0.70647494,0.735455419,0.728725256,0.016255143,277,0.726745954,0.732657186,0.723431736,0.734569207,0.727330221,0.728946861,0.004080476
243,0.331171465,0.022958399,0.003124475,0.006248951,0.0001,"(50,)",5,"{'NN__alpha': 0.0001, 'NN__hidden_layer_sizes': (50,), 'gmm__n_components': 5}",0.737067566,0.72260522,0.74967986,0.723329014,0.738887263,0.734313266,0.010221302,260,0.735290589,0.739116854,0.732402889,0.734940929,0.731052905,0.734560833,0.002771159
244,0.346792936,0.043516083,0.003124237,0.006248474,0.0001,"(50,)",6,"{'NN__alpha': 0.0001, 'NN__hidden_layer_sizes': (50,), 'gmm__n_components': 6}",0.75633196,0.730760584,0.755083653,0.742245956,0.758378966,0.748557462,0.010548039,13,0.746633873,0.75324105,0.746946174,0.750158695,0.746126309,0.74862122,0.002708748
245,0.387408066,0.026876374,0.015621471,0.013972066,0.0001,"(50,)",7,"{'NN__alpha': 0.0001, 'NN__hidden_layer_sizes': (50,), 'gmm__n_components': 7}",0.75633196,0.730760584,0.755083653,0.725391882,0.758378966,0.745190087,0.014113197,119,0.746633873,0.75324105,0.746946174,0.74952144,0.746126309,0.748493769,0.002647713
246,0.365539646,0.033649577,0.009372711,0.007652787,0.0001,"(50,)",8,"{'NN__alpha': 0.0001, 'NN__hidden_layer_sizes': (50,), 'gmm__n_components': 8}",0.75633196,0.730760584,0.755083653,0.742245956,0.738887263,0.7446631,0.009772709,164,0.746633873,0.75324105,0.746946174,0.750158695,0.731052905,0.745606539,0.007663761
247,0.346792269,0.011690194,0.003123856,0.006247711,0.0001,"(50,)",9,"{'NN__alpha': 0.0001, 'NN__hidden_layer_sizes': (50,), 'gmm__n_components': 9}",0.75633196,0.730760584,0.756065972,0.724328053,0.759361284,0.745370265,0.014739144,113,0.7468389,0.75324105,0.746905501,0.749991922,0.746085918,0.748612658,0.002674674
248,0.38740859,0.018217006,0.003124094,0.006248188,0.0001,"(50,)",10,"{'NN__alpha': 0.0001, 'NN__hidden_layer_sizes': (50,), 'gmm__n_components': 10}",0.74482328,0.730760584,0.75704829,0.725310371,0.759198261,0.743426336,0.01359742,203,0.744791365,0.753160187,0.746578818,0.749665803,0.746045528,0.74804834,0.003017476
249,0.465514469,0.045703423,0.00312438,0.00624876,0.0001,"(50,)",15,"{'NN__alpha': 0.0001, 'NN__hidden_layer_sizes': (50,), 'gmm__n_components': 15}",0.754208817,0.730760584,0.755004401,0.725391882,0.75592944,0.744259769,0.01333133,179,0.747289387,0.75324105,0.747436851,0.749541635,0.74238343,0.74797847,0.003527347
250,0.531123972,0.075242335,0.012496901,0.011690131,0.0001,"(50,)",20,"{'NN__alpha': 0.0001, 'NN__hidden_layer_sizes': (50,), 'gmm__n_components': 20}",0.754208817,0.730760584,0.755004401,0.724328053,0.75592944,0.744047221,0.013635468,183,0.747575277,0.75295516,0.74715084,0.749991922,0.742097701,0.74795418,0.003584675
251,0.559242344,0.028634896,0.012497854,0.006248927,0.0001,"(50,)",25,"{'NN__alpha': 0.0001, 'NN__hidden_layer_sizes': (50,), 'gmm__n_components': 25}",0.755189209,0.730760584,0.755986719,0.725310371,0.755766417,0.744603655,0.013637446,168,0.747309602,0.752894512,0.747110167,0.749665803,0.742363234,0.747868664,0.003455039
252,0.912283325,0.085332627,0.015621996,7.48E-07,0.0001,"(50,)",30,"{'NN__alpha': 0.0001, 'NN__hidden_layer_sizes': (50,), 'gmm__n_components': 30}",0.743842887,0.730760584,0.766664998,0.743228274,0.755766417,0.748047654,0.012216158,47,0.74534293,0.753139971,0.739635814,0.750037524,0.742608573,0.746152963,0.004890811
253,1.084118986,0.07816949,0.015622139,1.31E-06,0.0001,"(50,)",35,"{'NN__alpha': 0.0001, 'NN__hidden_layer_sizes': (50,), 'gmm__n_components': 35}",0.754208817,0.730760584,0.750330568,0.725310371,0.759198261,0.743961814,0.013413078,186,0.747289387,0.752874296,0.746352512,0.749665803,0.745759799,0.748388359,0.002608342
254,1.980781221,1.392151772,0.015621901,0.009880157,0.0001,"(50,)",40,"{'NN__alpha': 0.0001, 'NN__hidden_layer_sizes': (50,), 'gmm__n_components': 40}",0.755189209,0.730841763,0.750330568,0.743391297,0.759198261,0.74778684,0.009981372,54,0.747309602,0.753015807,0.746638523,0.747988041,0.746065723,0.748203539,0.002490904
255,0.168709898,0.006248427,0.006248713,0.007653079,0.0001,"(25,)",2,"{'NN__alpha': 0.0001, 'NN__hidden_layer_sizes': (25,), 'gmm__n_components': 2}",0.737067566,0.72260522,0.750662178,0.719583664,0.749138904,0.73580966,0.012940001,240,0.735781507,0.739116854,0.732382553,0.739864247,0.732766627,0.735982357,0.003105929
256,0.212449121,0.007652242,0,0,0.0001,"(25,)",3,"{'NN__alpha': 0.0001, 'NN__hidden_layer_sizes': (25,), 'gmm__n_components': 3}",0.746946422,0.732484076,0.763638791,0.725391882,0.754947122,0.744681473,0.014074289,141,0.744135851,0.747962116,0.740228173,0.749786974,0.742403625,0.744903348,0.003518545
257,0.199952936,0.011689595,0.003124285,0.006248569,0.0001,"(25,)",4,"{'NN__alpha': 0.0001, 'NN__hidden_layer_sizes': (25,), 'gmm__n_components': 4}",0.736717872,0.713925315,0.751043844,0.70647494,0.735455419,0.728725256,0.016255143,277,0.726745954,0.732657186,0.723431736,0.734569207,0.727330221,0.728946861,0.004080476
258,0.265562487,0.01397148,0,0,0.0001,"(25,)",5,"{'NN__alpha': 0.0001, 'NN__hidden_layer_sizes': (25,), 'gmm__n_components': 5}",0.737067566,0.72260522,0.74967986,0.723329014,0.738887263,0.734313266,0.010221302,260,0.735290589,0.739116854,0.732402889,0.734940929,0.731052905,0.734560833,0.002771159
259,0.249941635,0.009879856,0.003124189,0.006248379,0.0001,"(25,)",6,"{'NN__alpha': 0.0001, 'NN__hidden_layer_sizes': (25,), 'gmm__n_components': 6}",0.737067566,0.72260522,0.755083653,0.742245956,0.758378966,0.743067915,0.012918452,216,0.735290589,0.739116854,0.746946174,0.750158695,0.746126309,0.743527724,0.005472009
260,0.259313488,0.007653001,0,0,0.0001,"(25,)",7,"{'NN__alpha': 0.0001, 'NN__hidden_layer_sizes': (25,), 'gmm__n_components': 7}",0.75633196,0.730760584,0.755083653,0.742245956,0.758378966,0.748557462,0.010548039,13,0.746633873,0.75324105,0.746946174,0.750158695,0.746126309,0.74862122,0.002708748
261,0.287431335,0.01874543,0.003124714,0.006249428,0.0001,"(25,)",8,"{'NN__alpha': 0.0001, 'NN__hidden_layer_sizes': (25,), 'gmm__n_components': 8}",0.746946422,0.732484076,0.755083653,0.725391882,0.758378966,0.743656114,0.012776154,195,0.744135851,0.747962116,0.746946174,0.74952144,0.746126309,0.746938378,0.001801884
262,0.315550852,0.03749241,0.003124094,0.006248188,0.0001,"(25,)",9,"{'NN__alpha': 0.0001, 'NN__hidden_layer_sizes': (25,), 'gmm__n_components': 9}",0.752735107,0.730760584,0.750409821,0.741182126,0.759361284,0.746886305,0.009949206,82,0.746140085,0.75324105,0.746719868,0.750629177,0.746085918,0.74856322,0.002882944
263,0.221823168,0.011689519,0.009372663,0.007652748,0.0001,"(25,)",10,"{'NN__alpha': 0.0001, 'NN__hidden_layer_sizes': (25,), 'gmm__n_components': 10}",0.752735107,0.730104908,0.750409821,0.743391297,0.760669648,0.747457825,0.010285109,62,0.746140085,0.751805858,0.746719868,0.748478718,0.744160603,0.747461027,0.002572946
264,0.324922848,0.026876762,0.021870852,0.023380382,0.0001,"(25,)",15,"{'NN__alpha': 0.0001, 'NN__hidden_layer_sizes': (25,), 'gmm__n_components': 15}",0.755189209,0.730760584,0.755004401,0.742245956,0.759361284,0.748509091,0.0105738,41,0.747309602,0.752874296,0.747171176,0.750363643,0.746085918,0.748760927,0.002501113
265,0.399907589,0.065237024,0.012495995,0.006247997,0.0001,"(25,)",20,"{'NN__alpha': 0.0001, 'NN__hidden_layer_sizes': (25,), 'gmm__n_components': 20}",0.743842887,0.730841763,0.756065972,0.725391882,0.758215943,0.742869869,0.013117452,222,0.74534293,0.753015807,0.747191512,0.749807169,0.746085918,0.748288667,0.002806596
266,0.40302968,0.033357679,0.015620613,5.96E-07,0.0001,"(25,)",25,"{'NN__alpha': 0.0001, 'NN__hidden_layer_sizes': (25,), 'gmm__n_components': 25}",0.74482328,0.730760584,0.755004401,0.725391882,0.759198261,0.743033844,0.013185061,221,0.745077256,0.752750132,0.747436851,0.750032312,0.746045528,0.748268416,0.002793326
267,0.493632841,0.049988067,0.012497091,0.006248546,0.0001,"(25,)",30,"{'NN__alpha': 0.0001, 'NN__hidden_layer_sizes': (25,), 'gmm__n_components': 30}",0.75633196,0.730841763,0.755986719,0.742245956,0.759198261,0.748918019,0.010789996,1,0.747124791,0.753405646,0.746558481,0.750158695,0.746025333,0.748654589,0.002774232
268,0.59361043,0.073268491,0.01562047,2.22E-06,0.0001,"(25,)",35,"{'NN__alpha': 0.0001, 'NN__hidden_layer_sizes': (25,), 'gmm__n_components': 35}",0.75633196,0.730023729,0.756065972,0.724328053,0.759361284,0.745222744,0.014887572,118,0.7468389,0.751519968,0.746639826,0.750257456,0.746065723,0.748264375,0.002194377
269,0.652970409,0.065087247,0.015621328,1.84E-06,0.0001,"(25,)",40,"{'NN__alpha': 0.0001, 'NN__hidden_layer_sizes': (25,), 'gmm__n_components': 40}",0.754208817,0.730841763,0.749427502,0.726374201,0.758378966,0.743846311,0.01283649,187,0.747084359,0.753425862,0.746474529,0.74948105,0.746126309,0.748518422,0.002719039
270,0.287432241,0.012496507,0.003124619,0.006249237,0.0001,"(25, 25)",2,"{'NN__alpha': 0.0001, 'NN__hidden_layer_sizes': (25, 25), 'gmm__n_components': 2}",0.737067566,0.72260522,0.750662178,0.719583664,0.749138904,0.73580966,0.012940001,240,0.735781507,0.739116854,0.732382553,0.739864247,0.732766627,0.735982357,0.003105929
271,0.278059292,0.011689646,0.009371662,0.00765193,0.0001,"(25, 25)",3,"{'NN__alpha': 0.0001, 'NN__hidden_layer_sizes': (25, 25), 'gmm__n_components': 3}",0.746946422,0.732484076,0.763638791,0.725391882,0.754947122,0.744681473,0.014074289,141,0.744135851,0.747962116,0.740228173,0.749786974,0.742403625,0.744903348,0.003518545
272,0.324923325,0.033358242,0.012497425,0.006248713,0.0001,"(25, 25)",4,"{'NN__alpha': 0.0001, 'NN__hidden_layer_sizes': (25, 25), 'gmm__n_components': 4}",0.736717872,0.713925315,0.751043844,0.70647494,0.710845212,0.723808237,0.017171977,289,0.726745954,0.732657186,0.723431736,0.734569207,0.719170597,0.727314936,0.005707843
273,0.349917126,0.037750426,0.00937252,0.007652631,0.0001,"(25, 25)",5,"{'NN__alpha': 0.0001, 'NN__hidden_layer_sizes': (25, 25), 'gmm__n_components': 5}",0.737067566,0.72260522,0.74967986,0.709194081,0.738887263,0.731489164,0.014087557,273,0.735290589,0.739116854,0.732402889,0.724166357,0.731052905,0.732405919,0.004961431
274,0.356165409,0.006249189,0.012496376,0.006248188,0.0001,"(25, 25)",6,"{'NN__alpha': 0.0001, 'NN__hidden_layer_sizes': (25, 25), 'gmm__n_components': 6}",0.75633196,0.730760584,0.755083653,0.742245956,0.758378966,0.748557462,0.010548039,13,0.746633873,0.75324105,0.746946174,0.750158695,0.746126309,0.74862122,0.002708748
275,0.340543699,0.026874922,0.018745947,0.011689812,0.0001,"(25, 25)",7,"{'NN__alpha': 0.0001, 'NN__hidden_layer_sizes': (25, 25), 'gmm__n_components': 7}",0.75633196,0.730760584,0.755083653,0.725391882,0.758378966,0.745190087,0.014113197,119,0.746633873,0.75324105,0.746946174,0.74952144,0.746126309,0.748493769,0.002647713
276,0.349918413,0.007652942,0.006249046,0.007653487,0.0001,"(25, 25)",8,"{'NN__alpha': 0.0001, 'NN__hidden_layer_sizes': (25, 25), 'gmm__n_components': 8}",0.75633196,0.730760584,0.755083653,0.742245956,0.758378966,0.748557462,0.010548039,13,0.746633873,0.75324105,0.746946174,0.750158695,0.746126309,0.74862122,0.002708748
277,0.362415123,0.063568982,0.012495995,0.006247997,0.0001,"(25, 25)",9,"{'NN__alpha': 0.0001, 'NN__hidden_layer_sizes': (25, 25), 'gmm__n_components': 9}",0.75633196,0.730760584,0.750409821,0.741182126,0.759361284,0.74760641,0.010463353,57,0.7468389,0.75324105,0.746719868,0.750629177,0.746085918,0.748702983,0.00277708
278,0.334296417,0.012497449,0.012496424,0.011689621,0.0001,"(25, 25)",10,"{'NN__alpha': 0.0001, 'NN__hidden_layer_sizes': (25, 25), 'gmm__n_components': 10}",0.752735107,0.730104908,0.750409821,0.743391297,0.760669648,0.747457825,0.010285109,62,0.746140085,0.751805858,0.746719868,0.748478718,0.744160603,0.747461027,0.002572946
279,0.415525818,0.018745391,0.028118181,0.006248975,0.0001,"(25, 25)",15,"{'NN__alpha': 0.0001, 'NN__hidden_layer_sizes': (25, 25), 'gmm__n_components': 15}",0.743842887,0.732484076,0.754022082,0.741182126,0.759361284,0.746173549,0.00952111,98,0.74534293,0.748167144,0.747191512,0.749872966,0.746371647,0.74738924,0.001551516
280,0.456142426,0.049792998,0.034366369,0.006247878,0.0001,"(25, 25)",20,"{'NN__alpha': 0.0001, 'NN__hidden_layer_sizes': (25, 25), 'gmm__n_components': 20}",0.741226427,0.730841763,0.755986719,0.701824604,0.760506625,0.738079215,0.020969306,237,0.743601632,0.753506725,0.747110167,0.735266396,0.743854679,0.74466792,0.00590383
281,0.556119013,0.102959714,0.024994326,0.007654208,0.0001,"(25, 25)",25,"{'NN__alpha': 0.0001, 'NN__hidden_layer_sizes': (25, 25), 'gmm__n_components': 25}",0.74596603,0.730841763,0.754022082,0.725391882,0.759198261,0.743082416,0.013039,214,0.744606553,0.753405646,0.746639826,0.750277651,0.745759799,0.748137895,0.003246465
282,0.665467691,0.018745208,0.02499361,0.007652261,0.0001,"(25, 25)",30,"{'NN__alpha': 0.0001, 'NN__hidden_layer_sizes': (25, 25), 'gmm__n_components': 30}",0.755189209,0.730760584,0.754022082,0.743228274,0.759198261,0.74847632,0.010318803,45,0.747023712,0.752874296,0.746639826,0.750303058,0.746025333,0.748573245,0.002612367
283,0.734200716,0.102199547,0.028116846,0.011689863,0.0001,"(25, 25)",35,"{'NN__alpha': 0.0001, 'NN__hidden_layer_sizes': (25, 25), 'gmm__n_components': 35}",0.754208817,0.730841763,0.755986719,0.742245956,0.752407725,0.747136236,0.009442827,79,0.747289387,0.753486509,0.746558481,0.7501385,0.736142996,0.746723175,0.005825719
284,0.6810884,0.058114343,0.018744993,0.006248212,0.0001,"(25, 25)",40,"{'NN__alpha': 0.0001, 'NN__hidden_layer_sizes': (25, 25), 'gmm__n_components': 40}",0.752735107,0.730841763,0.749427502,0.742245956,0.758378966,0.74672238,0.009504884,86,0.745649167,0.752995591,0.746474529,0.750158695,0.746126309,0.748280858,0.002849059
285,1.465280104,0.116228781,0.00312438,0.00624876,0.0001,"(100, 25, 100)",2,"{'NN__alpha': 0.0001, 'NN__hidden_layer_sizes': (100, 25, 100), 'gmm__n_components': 2}",0.737067566,0.72260522,0.750662178,0.719583664,0.749138904,0.73580966,0.012940001,240,0.735781507,0.739116854,0.732382553,0.739864247,0.732766627,0.735982357,0.003105929
286,1.37154994,0.040009894,0.012497044,0.006248522,0.0001,"(100, 25, 100)",3,"{'NN__alpha': 0.0001, 'NN__hidden_layer_sizes': (100, 25, 100), 'gmm__n_components': 3}",0.746946422,0.732484076,0.763638791,0.725391882,0.754947122,0.744681473,0.014074289,141,0.744135851,0.747962116,0.740228173,0.749786974,0.742403625,0.744903348,0.003518545
287,1.471526623,0.094454809,0.003123999,0.006247997,0.0001,"(100, 25, 100)",4,"{'NN__alpha': 0.0001, 'NN__hidden_layer_sizes': (100, 25, 100), 'gmm__n_components': 4}",0.732509055,0.720419633,0.751043844,0.692340008,0.710845212,0.721441702,0.01978969,297,0.713487777,0.716719176,0.723431736,0.723794636,0.719170597,0.719320784,0.003942846
288,1.521514988,0.063723156,0.012497663,0.006248832,0.0001,"(100, 25, 100)",5,"{'NN__alpha': 0.0001, 'NN__hidden_layer_sizes': (100, 25, 100), 'gmm__n_components': 5}",0.736717872,0.713925315,0.751043844,0.723329014,0.714277056,0.727861281,0.014249373,285,0.726745954,0.732657186,0.723431736,0.734940929,0.72289328,0.728133817,0.004864084
289,1.69022541,0.076144567,0.012497139,0.00624857,0.0001,"(100, 25, 100)",6,"{'NN__alpha': 0.0001, 'NN__hidden_layer_sizes': (100, 25, 100), 'gmm__n_components': 6}",0.75633196,0.730760584,0.755083653,0.742245956,0.758378966,0.748557462,0.010548039,13,0.746633873,0.75324105,0.746946174,0.750158695,0.746126309,0.74862122,0.002708748
290,2.018272924,0.140557512,0.012496948,0.006248474,0.0001,"(100, 25, 100)",7,"{'NN__alpha': 0.0001, 'NN__hidden_layer_sizes': (100, 25, 100), 'gmm__n_components': 7}",0.746946422,0.732484076,0.755083653,0.725391882,0.758378966,0.743656114,0.012776154,195,0.744135851,0.747962116,0.746946174,0.74952144,0.746126309,0.746938378,0.001801884
291,2.128558016,0.128330169,0.006248617,0.007652962,0.0001,"(100, 25, 100)",8,"{'NN__alpha': 0.0001, 'NN__hidden_layer_sizes': (100, 25, 100), 'gmm__n_components': 8}",0.75633196,0.730760584,0.755083653,0.742245956,0.758378966,0.748557462,0.010548039,13,0.746633873,0.75324105,0.746946174,0.750158695,0.746126309,0.74862122,0.002708748
292,2.393440056,0.297314142,0.015620756,8.31E-07,0.0001,"(100, 25, 100)",9,"{'NN__alpha': 0.0001, 'NN__hidden_layer_sizes': (100, 25, 100), 'gmm__n_components': 9}",0.746946422,0.732484076,0.750409821,0.741182126,0.759361284,0.746072437,0.008996816,104,0.744340879,0.747962116,0.746719868,0.750629177,0.746085918,0.747147592,0.002096312
293,2.447080612,0.317432081,0.012497187,0.006248593,0.0001,"(100, 25, 100)",10,"{'NN__alpha': 0.0001, 'NN__hidden_layer_sizes': (100, 25, 100), 'gmm__n_components': 10}",0.74482328,0.730760584,0.756065972,0.741182126,0.755766417,0.745715316,0.009521084,109,0.744791365,0.75324105,0.746905501,0.750629177,0.74205731,0.747524881,0.004001532
294,2.383809471,0.464097054,0.006248665,0.00765302,0.0001,"(100, 25, 100)",15,"{'NN__alpha': 0.0001, 'NN__hidden_layer_sizes': (100, 25, 100), 'gmm__n_components': 15}",0.754208817,0.730841763,0.749427502,0.725391882,0.755766417,0.743128071,0.012550017,210,0.747575277,0.753506725,0.746474529,0.750297846,0.742608573,0.74809259,0.003664319
295,2.127621889,0.284702959,0.012497044,0.006248522,0.0001,"(100, 25, 100)",20,"{'NN__alpha': 0.0001, 'NN__hidden_layer_sizes': (100, 25, 100), 'gmm__n_components': 20}",0.743842887,0.730841763,0.750409821,0.742164444,0.758378966,0.745122299,0.00914372,127,0.74534293,0.753506725,0.746433857,0.749526652,0.745575046,0.748077042,0.003098975
296,2.39630847,0.643218835,0.01249671,0.006248355,0.0001,"(100, 25, 100)",25,"{'NN__alpha': 0.0001, 'NN__hidden_layer_sizes': (100, 25, 100), 'gmm__n_components': 25}",0.754208817,0.730104908,0.750409821,0.742245956,0.759361284,0.747262628,0.010239734,72,0.747575277,0.751805858,0.746719868,0.750649372,0.746371647,0.748624404,0.00219203
297,2.127621937,0.1014311,0.015620708,1.00E-06,0.0001,"(100, 25, 100)",30,"{'NN__alpha': 0.0001, 'NN__hidden_layer_sizes': (100, 25, 100), 'gmm__n_components': 30}",0.755189209,0.730841763,0.755986719,0.742245956,0.759198261,0.748689236,0.010641464,10,0.746818684,0.752934944,0.746824156,0.749893161,0.746331257,0.74856044,0.002527057
298,2.408805609,0.095481936,0.015621185,6.03E-07,0.0001,"(100, 25, 100)",35,"{'NN__alpha': 0.0001, 'NN__hidden_layer_sizes': (100, 25, 100), 'gmm__n_components': 35}",0.742369177,0.730841763,0.750409821,0.724328053,0.759361284,0.741459881,0.012705289,233,0.743416821,0.752995591,0.746719868,0.749991922,0.746371647,0.74789917,0.003291463
299,1.977660465,0.452053392,0.015618992,6.29E-06,0.0001,"(100, 25, 100)",40,"{'NN__alpha': 0.0001, 'NN__hidden_layer_sizes': (100, 25, 100), 'gmm__n_components': 40}",0.754208817,0.730841763,0.750409821,0.742245956,0.758215943,0.747181315,0.009727122,76,0.747575277,0.753506725,0.74559616,0.750158695,0.745514461,0.748470263,0.003033644
,,,,,,,,,,,,,,,,,,,,,,,
,0.78330543,,0.010382415,,,,,,,,,,,0.742728065,,,,,,,,,
