,mean_fit_time,std_fit_time,mean_score_time,std_score_time,param_NN__alpha,param_NN__hidden_layer_sizes,param_km__n_clusters,params,split0_test_score,split1_test_score,split2_test_score,split3_test_score,split4_test_score,mean_test_score,std_test_score,rank_test_score,split0_train_score,split1_train_score,split2_train_score,split3_train_score,split4_train_score,mean_train_score,std_train_score
0,1.127859497,0.129346112,0.006247711,0.007651852,0.1,"(50, 50)",2,"{'NN__alpha': 0.1, 'NN__hidden_layer_sizes': (50, 50), 'km__n_clusters': 2}",0.637092544,0.630704384,0.647358169,0.6381453,0.647234879,0.640103466,0.006399596,296,0.650465459,0.643757333,0.636829569,0.646067912,0.650380034,0.645500061,0.005039966
1,1.018509912,0.157582194,0.006248617,0.007652962,0.1,"(50, 50)",3,"{'NN__alpha': 0.1, 'NN__hidden_layer_sizes': (50, 50), 'km__n_clusters': 3}",0.670675659,0.661671038,0.679632851,0.658366426,0.680058939,0.670079742,0.008932417,133,0.673934184,0.680671394,0.670292081,0.677555026,0.673291503,0.675148837,0.003600043
2,1.649610949,0.359575282,0,0,0.1,"(50, 50)",4,"{'NN__alpha': 0.1, 'NN__hidden_layer_sizes': (50, 50), 'km__n_clusters': 4}",0.669052079,0.661183964,0.682690342,0.659198261,0.67148769,0.668722376,0.008370829,159,0.668863147,0.680668525,0.670069686,0.669215078,0.658198816,0.66940305,0.007116418
3,1.705846262,0.389769635,0,0,0.1,"(50, 50)",5,"{'NN__alpha': 0.1, 'NN__hidden_layer_sizes': (50, 50), 'km__n_clusters': 5}",0.661939553,0.670094917,0.676083157,0.662536053,0.684803327,0.671088278,0.008610432,110,0.674023655,0.678167634,0.665149096,0.675952833,0.667097453,0.672078134,0.005073443
4,1.246580362,0.187559833,0.006248665,0.00765302,0.1,"(50, 50)",6,"{'NN__alpha': 0.1, 'NN__hidden_layer_sizes': (50, 50), 'km__n_clusters': 6}",0.65524541,0.668059198,0.670996375,0.670643314,0.666551018,0.666296228,0.005768718,192,0.670081834,0.672417998,0.665116245,0.671918232,0.662190682,0.668344998,0.004016824
5,1.849562168,0.443227084,0.006248713,0.007653079,0.1,"(50, 50)",7,"{'NN__alpha': 0.1, 'NN__hidden_layer_sizes': (50, 50), 'km__n_clusters': 7}",0.676283252,0.639721494,0.680915496,0.668185428,0.683584835,0.669730802,0.015897657,144,0.663501002,0.659928413,0.670177885,0.676879596,0.672992354,0.66869585,0.006188448
6,1.930793667,0.809696027,0.006248331,0.007652611,0.1,"(50, 50)",8,"{'NN__alpha': 0.1, 'NN__hidden_layer_sizes': (50, 50), 'km__n_clusters': 8}",0.668059198,0.654408642,0.661584056,0.655110145,0.688097229,0.665447622,0.012352922,204,0.672438344,0.673561691,0.666804675,0.672211518,0.671755238,0.671354293,0.002351272
7,2.002652025,0.312332504,0.003124189,0.006248379,0.1,"(50, 50)",9,"{'NN__alpha': 0.1, 'NN__hidden_layer_sizes': (50, 50), 'km__n_clusters': 9}",0.665205445,0.661927064,0.68127839,0.653312712,0.684232747,0.669189146,0.011770391,155,0.671603758,0.680240993,0.663817333,0.670254803,0.674867507,0.672156879,0.00540689
8,1.962036705,0.42787555,0.003124142,0.006248283,0.1,"(50, 50)",10,"{'NN__alpha': 0.1, 'NN__hidden_layer_sizes': (50, 50), 'km__n_clusters': 10}",0.674372424,0.662564006,0.688219272,0.668691218,0.683091586,0.675384671,0.009320755,47,0.676608017,0.684067519,0.681788839,0.681536599,0.667161817,0.678232558,0.006046669
9,2.730601549,0.664183687,0.006248331,0.007652611,0.1,"(50, 50)",15,"{'NN__alpha': 0.1, 'NN__hidden_layer_sizes': (50, 50), 'km__n_clusters': 15}",0.658423879,0.667559635,0.697742128,0.678343017,0.692507211,0.678906018,0.014756268,24,0.67236322,0.686747222,0.684524325,0.692371104,0.68258375,0.683717924,0.00655622
10,2.290083742,0.657921939,0,0,0.1,"(50, 50)",20,"{'NN__alpha': 0.1, 'NN__hidden_layer_sizes': (50, 50), 'km__n_clusters': 20}",0.66171475,0.656450606,0.672596032,0.661399072,0.685300757,0.66748642,0.010348068,168,0.676143054,0.679290981,0.664655029,0.678646346,0.678908883,0.675528859,0.00554823
11,2.543148756,0.636415167,0.009372902,0.007652942,0.1,"(50, 50)",25,"{'NN__alpha': 0.1, 'NN__hidden_layer_sizes': (50, 50), 'km__n_clusters': 25}",0.667921818,0.651960784,0.693068295,0.657384107,0.684172136,0.670897005,0.01560663,113,0.67683613,0.663237936,0.689097895,0.68002561,0.664883543,0.674816223,0.009673663
12,4.714510584,0.916501661,0.006248331,0.007652611,0.1,"(50, 50)",30,"{'NN__alpha': 0.1, 'NN__hidden_layer_sizes': (50, 50), 'km__n_clusters': 30}",0.6681716,0.673854128,0.690327815,0.673765832,0.692743385,0.679767555,0.009852016,17,0.683593426,0.704024563,0.678299087,0.697168691,0.681982325,0.689013618,0.00985345
13,4.373965168,1.247672671,0.003124237,0.006248474,0.1,"(50, 50)",35,"{'NN__alpha': 0.1, 'NN__hidden_layer_sizes': (50, 50), 'km__n_clusters': 35}",0.667740727,0.662164356,0.688728159,0.671715504,0.691675375,0.67639799,0.011704054,42,0.681245914,0.675560056,0.684053462,0.694850678,0.67720793,0.682583608,0.006821424
14,6.00795517,3.500631164,0.006248188,0.007652436,0.1,"(50, 50)",40,"{'NN__alpha': 0.1, 'NN__hidden_layer_sizes': (50, 50), 'km__n_clusters': 40}",0.69233171,0.66675409,0.690152624,0.687934206,0.689882122,0.685407128,0.009436038,4,0.695811729,0.69180639,0.679578185,0.691982966,0.675575119,0.686950878,0.007888943
15,0.440520668,0.050763349,0,0,0.1,"(50,)",2,"{'NN__alpha': 0.1, 'NN__hidden_layer_sizes': (50,), 'km__n_clusters': 2}",0.607868115,0.638722368,0.65982798,0.645514777,0.65861932,0.642098768,0.018883735,287,0.637741761,0.651632107,0.64510225,0.649517635,0.64468044,0.645734839,0.004785155
16,0.640471458,0.068451608,0.003124285,0.006248569,0.1,"(50,)",3,"{'NN__alpha': 0.1, 'NN__hidden_layer_sizes': (50,), 'km__n_clusters': 3}",0.672305483,0.663713001,0.686953312,0.658207583,0.683258789,0.672886522,0.011001613,76,0.675889248,0.680732042,0.672820293,0.67693497,0.671500127,0.675575336,0.003247656
17,0.852924633,0.224557139,0.003124666,0.006249332,0.1,"(50,)",4,"{'NN__alpha': 0.1, 'NN__hidden_layer_sizes': (50,), 'km__n_clusters': 4}",0.664312477,0.660059948,0.688473715,0.664753584,0.679981608,0.671512111,0.010845827,96,0.669839244,0.672051244,0.672008147,0.675113627,0.667447546,0.671291962,0.002552821
18,0.749822712,0.119786078,0.00312438,0.00624876,0.1,"(50,)",5,"{'NN__alpha': 0.1, 'NN__hidden_layer_sizes': (50,), 'km__n_clusters': 5}",0.656787811,0.652360435,0.678460743,0.660820131,0.686853655,0.667048693,0.013282957,178,0.667716845,0.676270479,0.667813144,0.669704192,0.673626612,0.671026254,0.003384904
19,0.756071234,0.181529864,0.006248474,0.007652787,0.1,"(50,)",6,"{'NN__alpha': 0.1, 'NN__hidden_layer_sizes': (50,), 'km__n_clusters': 6}",0.654733358,0.670669414,0.678904976,0.66721565,0.680054759,0.670311169,0.009179444,126,0.671023499,0.680919592,0.66948202,0.674993238,0.666664365,0.672616543,0.004947338
20,0.887289667,0.173783163,0.006248951,0.007653371,0.1,"(50,)",7,"{'NN__alpha': 0.1, 'NN__hidden_layer_sizes': (50,), 'km__n_clusters': 7}",0.65787436,0.665199201,0.669999458,0.67204573,0.683099946,0.669637193,0.008309133,147,0.663893189,0.681289215,0.67000998,0.668741599,0.667841026,0.670355002,0.005837024
21,0.896663952,0.221712162,0.01562109,0.017112325,0.1,"(50,)",8,"{'NN__alpha': 0.1, 'NN__hidden_layer_sizes': (50,), 'km__n_clusters': 8}",0.656968902,0.660778069,0.666068099,0.668528195,0.682435313,0.666948937,0.0087255,179,0.660159394,0.680495191,0.644953117,0.671200979,0.674937082,0.666349153,0.012597671
22,0.999763298,0.158999986,0.009372139,0.012496245,0.1,"(50,)",9,"{'NN__alpha': 0.1, 'NN__hidden_layer_sizes': (50,), 'km__n_clusters': 9}",0.658842263,0.658092919,0.656547329,0.662715797,0.680311834,0.663296703,0.008741621,230,0.677670847,0.66687352,0.665619437,0.665211877,0.673419449,0.669759026,0.004942358
23,0.98414278,0.217579776,0.009372711,0.012496769,0.1,"(50,)",10,"{'NN__alpha': 0.1, 'NN__hidden_layer_sizes': (50,), 'km__n_clusters': 10}",0.670101161,0.656438117,0.666814744,0.665002299,0.661236049,0.663918536,0.004712269,219,0.670226344,0.677385217,0.65473798,0.680926965,0.653584419,0.667372185,0.011330179
24,1.109113312,0.170837719,0.009372997,0.00765302,0.1,"(50,)",15,"{'NN__alpha': 0.1, 'NN__hidden_layer_sizes': (50,), 'km__n_clusters': 15}",0.68431997,0.636255776,0.689170306,0.641524892,0.686780504,0.667608712,0.023559784,165,0.678251367,0.67347235,0.675040073,0.671576478,0.666235837,0.672915221,0.003992649
25,1.3809237,0.117979352,0.006248331,0.007652611,0.1,"(50,)",20,"{'NN__alpha': 0.1, 'NN__hidden_layer_sizes': (50,), 'km__n_clusters': 20}",0.674191333,0.662901211,0.671471892,0.665324165,0.660326882,0.666845432,0.005210647,183,0.672776144,0.682825617,0.668404721,0.678882695,0.660201785,0.672618192,0.007942052
26,1.758958435,0.182870008,0.006248569,0.007652903,0.1,"(50,)",25,"{'NN__alpha': 0.1, 'NN__hidden_layer_sizes': (50,), 'km__n_clusters': 25}",0.662863744,0.658492569,0.68460701,0.678184174,0.667855202,0.670395503,0.009670829,122,0.676420206,0.6827621,0.667850427,0.673359645,0.662484619,0.6725754,0.006975896
27,3.433563375,0.917246035,0,0,0.1,"(50,)",30,"{'NN__alpha': 0.1, 'NN__hidden_layer_sizes': (50,), 'km__n_clusters': 30}",0.669070813,0.661065318,0.664420474,0.668202149,0.696697739,0.671884204,0.012723405,90,0.678666899,0.66662767,0.652575038,0.689898305,0.6714299,0.671839563,0.012419213
28,3.227362394,0.29715018,0.00312438,0.00624876,0.1,"(50,)",35,"{'NN__alpha': 0.1, 'NN__hidden_layer_sizes': (50,), 'km__n_clusters': 35}",0.678531285,0.658423879,0.687412144,0.652338754,0.695625549,0.674464075,0.016602068,53,0.677699671,0.682441386,0.678754306,0.65636705,0.680910549,0.675234592,0.009577092
29,5.286251307,4.02317798,0.006248331,0.007652611,0.1,"(50,)",40,"{'NN__alpha': 0.1, 'NN__hidden_layer_sizes': (50,), 'km__n_clusters': 40}",0.67099413,0.665917322,0.659650703,0.661900681,0.692768465,0.670242637,0.011898691,128,0.686963857,0.68853769,0.660718401,0.681155887,0.673631954,0.678201558,0.010187086
30,0.515503502,0.128056817,0.003124285,0.006248569,0.1,"(25,)",2,"{'NN__alpha': 0.1, 'NN__hidden_layer_sizes': (25,), 'km__n_clusters': 2}",0.635868615,0.63169102,0.665436162,0.640444342,0.657143753,0.64611065,0.012963788,277,0.653679511,0.645019191,0.642084663,0.648175765,0.647148027,0.647221432,0.003843415
31,0.631100845,0.170722509,0.003123999,0.006247997,0.1,"(25,)",3,"{'NN__alpha': 0.1, 'NN__hidden_layer_sizes': (25,), 'km__n_clusters': 3}",0.667728238,0.667060072,0.686936627,0.6613092,0.673508757,0.671308573,0.008716162,107,0.674633129,0.675147132,0.671827728,0.669204525,0.663864665,0.670935436,0.004127938
32,0.50300622,0.06433206,0,0,0.1,"(25,)",4,"{'NN__alpha': 0.1, 'NN__hidden_layer_sizes': (25,), 'km__n_clusters': 4}",0.647133758,0.66715374,0.6763376,0.644862684,0.677283367,0.662552626,0.013989921,239,0.657162238,0.675655266,0.669796189,0.670905478,0.66365229,0.667434292,0.006403604
33,0.624852657,0.040735122,0.003124571,0.006249142,0.1,"(25,)",5,"{'NN__alpha': 0.1, 'NN__hidden_layer_sizes': (25,), 'km__n_clusters': 5}",0.660147371,0.65390908,0.672454211,0.657958868,0.673276763,0.663545752,0.007869676,227,0.671089624,0.6699608,0.662825549,0.674515981,0.667670474,0.669212486,0.003882819
34,0.652970123,0.053569217,0.009373093,0.007653098,0.1,"(25,)",6,"{'NN__alpha': 0.1, 'NN__hidden_layer_sizes': (25,), 'km__n_clusters': 6}",0.657125016,0.635450231,0.703239773,0.658949546,0.671226435,0.665190527,0.022242108,206,0.680549969,0.660641965,0.662431339,0.664550649,0.659377562,0.665510297,0.007718857
35,0.784189272,0.158507595,0.006248713,0.007653079,0.1,"(25,)",7,"{'NN__alpha': 0.1, 'NN__hidden_layer_sizes': (25,), 'km__n_clusters': 7}",0.66749719,0.641669789,0.675465819,0.659357104,0.6758078,0.663954235,0.012678019,218,0.672617287,0.666821611,0.670004766,0.662743508,0.664151175,0.667267669,0.003646633
36,0.868544912,0.17186308,0,0,0.1,"(25,)",8,"{'NN__alpha': 0.1, 'NN__hidden_layer_sizes': (25,), 'km__n_clusters': 8}",0.665523917,0.653034845,0.680535916,0.5,0.677377419,0.635323232,0.068310557,297,0.657566424,0.667191104,0.669901781,0.5,0.661543785,0.631240619,0.065761011
37,0.81230793,0.177562312,0.003124666,0.006249332,0.1,"(25,)",9,"{'NN__alpha': 0.1, 'NN__hidden_layer_sizes': (25,), 'km__n_clusters': 9}",0.671243912,0.634313725,0.678950859,0.659434435,0.568160348,0.642436567,0.040074958,284,0.671008891,0.663417009,0.666435494,0.672824799,0.564829446,0.647703128,0.041569536
38,0.94040308,0.227105543,0.003124285,0.006248569,0.1,"(25,)",10,"{'NN__alpha': 0.1, 'NN__hidden_layer_sizes': (25,), 'km__n_clusters': 10}",0.665605096,0.650999126,0.671774305,0.650842286,0.674014547,0.662645387,0.009961694,238,0.676767135,0.671615105,0.663543315,0.670094675,0.655086417,0.667421329,0.007473522
39,1.027882242,0.152546352,0.018745613,0.011689646,0.1,"(25,)",15,"{'NN__alpha': 0.1, 'NN__hidden_layer_sizes': (25,), 'km__n_clusters': 15}",0.66863994,0.664531035,0.686761436,0.67958241,0.665353426,0.672971249,0.00873949,75,0.679897325,0.678883926,0.669097457,0.679649459,0.648885723,0.671282778,0.011902881
40,1.362177563,0.108857266,0.012497139,0.018217309,0.1,"(25,)",20,"{'NN__alpha': 0.1, 'NN__hidden_layer_sizes': (25,), 'km__n_clusters': 20}",0.660153616,0.658923442,0.674197773,0.65754713,0.667623208,0.66368779,0.006305965,222,0.666616453,0.681632754,0.658854245,0.667250806,0.659579513,0.666786754,0.008191667
41,1.440284491,0.091834283,0.003124189,0.006248379,0.1,"(25,)",25,"{'NN__alpha': 0.1, 'NN__hidden_layer_sizes': (25,), 'km__n_clusters': 25}",0.619457974,0.65342825,0.671219535,0.64731221,0.674683359,0.653210243,0.019799676,268,0.629708131,0.665363334,0.64837821,0.669060162,0.655316121,0.653565192,0.013988711
42,1.918296671,0.238631698,0.003124046,0.006248093,0.1,"(25,)",30,"{'NN__alpha': 0.1, 'NN__hidden_layer_sizes': (25,), 'km__n_clusters': 30}",0.650031223,0.620244786,0.64235064,0.651429587,0.680821803,0.64896296,0.019444631,273,0.659806987,0.660786476,0.629379463,0.647727042,0.659094178,0.651358829,0.011969711
43,2.199480867,0.200147947,0.012496567,0.006248283,0.1,"(25,)",35,"{'NN__alpha': 0.1, 'NN__hidden_layer_sizes': (25,), 'km__n_clusters': 35}",0.668895966,0.658492569,0.685668581,0.664007441,0.676468252,0.670703891,0.009533867,116,0.671488071,0.675320336,0.664822412,0.681909753,0.671304169,0.672968948,0.005599956
44,2.446296072,0.264475092,0.018745661,0.015306109,0.1,"(25,)",40,"{'NN__alpha': 0.1, 'NN__hidden_layer_sizes': (25,), 'km__n_clusters': 40}",0.664718371,0.672623954,0.683434902,0.664839276,0.679741253,0.673070074,0.00761035,73,0.672028159,0.69580899,0.668644845,0.679125818,0.671754456,0.677472454,0.009790043
45,0.537372923,0.062951374,0.006248617,0.012497234,0.1,"(25, 25)",2,"{'NN__alpha': 0.1, 'NN__hidden_layer_sizes': (25, 25), 'km__n_clusters': 2}",0.638316473,0.646072187,0.666941966,0.64625256,0.655179116,0.650548982,0.00978198,270,0.651958429,0.654615177,0.646674659,0.649439852,0.650721136,0.650681851,0.002634479
46,0.515503216,0.115216959,0.003124332,0.006248665,0.1,"(25, 25)",3,"{'NN__alpha': 0.1, 'NN__hidden_layer_sizes': (25, 25), 'km__n_clusters': 3}",0.669545398,0.659710254,0.688997201,0.659357104,0.669171927,0.669356525,0.010759719,151,0.666388341,0.680379765,0.665400431,0.674329013,0.659841269,0.669267764,0.00722771
47,0.559243155,0.055361471,0.00937252,0.007652631,0.1,"(25, 25)",4,"{'NN__alpha': 0.1, 'NN__hidden_layer_sizes': (25, 25), 'km__n_clusters': 4}",0.666254527,0.657999251,0.684465189,0.64838858,0.660918363,0.663608232,0.011934361,226,0.674653345,0.678196588,0.67407384,0.65336605,0.648537063,0.665765377,0.012272894
48,0.734201479,0.162941495,0.009372616,0.007652709,0.1,"(25, 25)",5,"{'NN__alpha': 0.1, 'NN__hidden_layer_sizes': (25, 25), 'km__n_clusters': 5}",0.672061946,0.665192956,0.682104288,0.659357104,0.68497053,0.672735922,0.009731582,80,0.674237421,0.673443266,0.669903085,0.676314913,0.670541183,0.672887973,0.002378666
49,0.671716642,0.095276887,0.009372807,0.007652865,0.1,"(25, 25)",6,"{'NN__alpha': 0.1, 'NN__hidden_layer_sizes': (25, 25), 'km__n_clusters': 6}",0.672211815,0.66877732,0.685812488,0.649289387,0.680800903,0.671380607,0.012585152,104,0.674298199,0.675981719,0.670755904,0.650061471,0.66753432,0.667726322,0.009301648
50,0.640473986,0.084412475,0.012496853,0.011689799,0.1,"(25, 25)",7,"{'NN__alpha': 0.1, 'NN__hidden_layer_sizes': (25, 25), 'km__n_clusters': 7}",0.648232796,0.662401649,0.671092313,0.656161435,0.669832379,0.66154098,0.008565571,249,0.650932901,0.673238369,0.666310869,0.670891276,0.655769274,0.663428538,0.008660697
51,0.743574715,0.107138281,0.006248283,0.007652553,0.1,"(25, 25)",8,"{'NN__alpha': 0.1, 'NN__hidden_layer_sizes': (25, 25), 'km__n_clusters': 8}",0.638416386,0.661833396,0.665657236,0.661969653,0.675237219,0.660615236,0.012129434,254,0.652405785,0.674630259,0.666481381,0.675208609,0.661608801,0.666066967,0.008527303
52,1.006013107,0.239491295,0.015621281,0.00988061,0.1,"(25, 25)",9,"{'NN__alpha': 0.1, 'NN__hidden_layer_sizes': (25, 25), 'km__n_clusters': 9}",0.672224304,0.649525415,0.684623695,0.648559963,0.67416921,0.665820317,0.014336411,200,0.670047271,0.671248351,0.678569976,0.662559537,0.670604765,0.67060598,0.005077308
53,1.090367794,0.318368515,0.012495613,0.006247807,0.1,"(25, 25)",10,"{'NN__alpha': 0.1, 'NN__hidden_layer_sizes': (25, 25), 'km__n_clusters': 10}",0.67369177,0.656463095,0.666576986,0.656410149,0.657486519,0.662129022,0.006927574,242,0.678439178,0.681497112,0.665225227,0.680523062,0.66193049,0.673523014,0.008246156
54,1.09349227,0.180829871,0.021868992,0.015930854,0.1,"(25, 25)",15,"{'NN__alpha': 0.1, 'NN__hidden_layer_sizes': (25, 25), 'km__n_clusters': 15}",0.659260647,0.67940552,0.687126417,0.653463194,0.678836266,0.671619708,0.012925859,94,0.678225151,0.684344541,0.682500607,0.677555808,0.674764316,0.679478085,0.003472827
55,1.412166929,0.15002908,0.031240988,0.017112456,0.1,"(25, 25)",20,"{'NN__alpha': 0.1, 'NN__hidden_layer_sizes': (25, 25), 'km__n_clusters': 20}",0.672386662,0.657012614,0.700578546,0.666331564,0.674430464,0.674145651,0.014537636,56,0.682207665,0.676897169,0.677097945,0.676934318,0.667371326,0.676101684,0.004812915
56,1.577751303,0.119787166,0.031242895,0.013972493,0.1,"(25, 25)",25,"{'NN__alpha': 0.1, 'NN__hidden_layer_sizes': (25, 25), 'km__n_clusters': 25}",0.681478706,0.664131385,0.691356016,0.670574343,0.679981608,0.677503402,0.009389414,30,0.674826288,0.673798412,0.680220341,0.681048918,0.669615203,0.675901832,0.004248409
57,1.918295288,0.250213227,0.009372854,0.007652903,0.1,"(25, 25)",30,"{'NN__alpha': 0.1, 'NN__hidden_layer_sizes': (25, 25), 'km__n_clusters': 30}",0.67665168,0.669127014,0.630529451,0.654050495,0.673370815,0.660749637,0.016974151,253,0.67770254,0.681465289,0.632897373,0.67033858,0.66403235,0.665287226,0.017274624
58,2.365066481,0.169287274,0.012496471,0.006248236,0.1,"(25, 25)",35,"{'NN__alpha': 0.1, 'NN__hidden_layer_sizes': (25, 25), 'km__n_clusters': 35}",0.666185837,0.663400774,0.68845703,0.67474815,0.703642938,0.679276986,0.014978123,21,0.675268296,0.683004559,0.677311736,0.684544244,0.684460466,0.68091786,0.003872382
59,2.44942131,0.292814373,0.00312438,0.00624876,0.1,"(25, 25)",40,"{'NN__alpha': 0.1, 'NN__hidden_layer_sizes': (25, 25), 'km__n_clusters': 40}",0.658579993,0.673285875,0.66678346,0.659940225,0.697096936,0.671132161,0.013999181,109,0.678733677,0.685583313,0.665403038,0.671048407,0.670069268,0.674167541,0.007134575
60,2.058887482,0.875205598,0,0,0.1,"(100, 25, 100)",2,"{'NN__alpha': 0.1, 'NN__hidden_layer_sizes': (100, 25, 100), 'km__n_clusters': 2}",0.616604221,0.634145123,0.668716813,0.643146763,0.651494378,0.642812502,0.017373647,282,0.643214115,0.655161004,0.648939804,0.648510874,0.648651459,0.648895451,0.003787984
61,2.265089321,0.620698794,0.00312438,0.00624876,0.1,"(100, 25, 100)",3,"{'NN__alpha': 0.1, 'NN__hidden_layer_sizes': (100, 25, 100), 'km__n_clusters': 3}",0.66372549,0.663063569,0.684258715,0.656736195,0.688822472,0.671317458,0.01274267,106,0.672369089,0.677569898,0.669788889,0.67746304,0.675015648,0.674441313,0.003006257
62,2.421302843,0.745776289,0.003124142,0.006248283,0.1,"(100, 25, 100)",4,"{'NN__alpha': 0.1, 'NN__hidden_layer_sizes': (100, 25, 100), 'km__n_clusters': 4}",0.670407144,0.663631822,0.692688716,0.665735903,0.6758078,0.673652745,0.010398905,64,0.66514409,0.681090188,0.673985977,0.677402455,0.667098235,0.672944189,0.006038799
63,1.971408033,0.3466947,0.009373188,0.007653176,0.1,"(100, 25, 100)",5,"{'NN__alpha': 0.1, 'NN__hidden_layer_sizes': (100, 25, 100), 'km__n_clusters': 5}",0.659073311,0.654483577,0.674831796,0.665328345,0.67581198,0.665900173,0.008430534,199,0.667430955,0.679155339,0.666123932,0.678796702,0.66298585,0.670898556,0.006752591
64,2.649373293,0.752591119,0.006248522,0.007652845,0.1,"(100, 25, 100)",6,"{'NN__alpha': 0.1, 'NN__hidden_layer_sizes': (100, 25, 100), 'km__n_clusters': 6}",0.663169726,0.657349819,0.670014057,0.669502153,0.686364586,0.669272855,0.009716184,152,0.67635695,0.683752544,0.658249372,0.67765079,0.676149573,0.674431846,0.008552965
65,3.820971251,0.677438611,0.00312438,0.00624876,0.1,"(100, 25, 100)",7,"{'NN__alpha': 0.1, 'NN__hidden_layer_sizes': (100, 25, 100), 'km__n_clusters': 7}",0.67826277,0.66413763,0.697790097,0.672770974,0.68817456,0.680223421,0.011748117,16,0.687844614,0.688670332,0.682107701,0.677814566,0.676361297,0.682559702,0.00502814
66,3.439812469,1.342538559,0.012497234,0.006248617,0.1,"(100, 25, 100)",8,"{'NN__alpha': 0.1, 'NN__hidden_layer_sizes': (100, 25, 100), 'km__n_clusters': 8}",0.671818409,0.664062695,0.672108001,0.655440371,0.693982778,0.671479687,0.012794116,98,0.676348342,0.691344296,0.664087179,0.661884888,0.675370952,0.673807132,0.010517346
67,3.477303076,1.11442898,0.006248093,0.007652319,0.1,"(100, 25, 100)",9,"{'NN__alpha': 0.1, 'NN__hidden_layer_sizes': (100, 25, 100), 'km__n_clusters': 9}",0.668127888,0.661102785,0.653343845,0.664277056,0.692678594,0.667900375,0.013301485,163,0.667324267,0.682227881,0.66738843,0.670739487,0.686013278,0.674738669,0.007851088
68,3.227361631,0.774325506,0.006248569,0.007652903,0.1,"(100, 25, 100)",10,"{'NN__alpha': 0.1, 'NN__hidden_layer_sizes': (100, 25, 100), 'km__n_clusters': 10}",0.666429374,0.659985013,0.683624692,0.671878527,0.684489822,0.673275372,0.009575203,71,0.676411859,0.686406162,0.672198995,0.685542015,0.675665671,0.67924494,0.005681885
69,3.942817736,2.109133719,0.009372807,0.007652865,0.1,"(100, 25, 100)",15,"{'NN__alpha': 0.1, 'NN__hidden_layer_sizes': (100, 25, 100), 'km__n_clusters': 15}",0.670781816,0.675583864,0.686367258,0.663029302,0.711089746,0.681364733,0.016667993,10,0.677719756,0.692057588,0.666888888,0.675334992,0.705440627,0.68348837,0.013642803
70,3.930321646,0.663167866,0.006248569,0.007652903,0.1,"(100, 25, 100)",20,"{'NN__alpha': 0.1, 'NN__hidden_layer_sizes': (100, 25, 100), 'km__n_clusters': 20}",0.680979143,0.661021606,0.698503372,0.670900389,0.694463487,0.681168832,0.014062347,11,0.685121219,0.6805934,0.680099105,0.689811531,0.681243313,0.683373714,0.003673992
71,4.236499166,1.364640671,0.006248236,0.007652495,0.1,"(100, 25, 100)",25,"{'NN__alpha': 0.1, 'NN__hidden_layer_sizes': (100, 25, 100), 'km__n_clusters': 25}",0.68580617,0.662101911,0.693908792,0.671226435,0.674654099,0.677539895,0.011162928,29,0.702046283,0.696022495,0.681159197,0.698738702,0.665844572,0.68876225,0.013503575
72,5.420593786,0.984365274,0.006248283,0.007652553,0.1,"(100, 25, 100)",30,"{'NN__alpha': 0.1, 'NN__hidden_layer_sizes': (100, 25, 100), 'km__n_clusters': 30}",0.69003372,0.662420382,0.66750925,0.679496719,0.685411529,0.676971778,0.010486301,34,0.699072081,0.687076283,0.667934901,0.708508857,0.67044112,0.686606649,0.015781463
73,4.595788574,0.858427149,0.003124332,0.006248665,0.1,"(100, 25, 100)",35,"{'NN__alpha': 0.1, 'NN__hidden_layer_sizes': (100, 25, 100), 'km__n_clusters': 35}",0.681385038,0.670094917,0.671947409,0.660429294,0.693322326,0.675435333,0.011141987,46,0.689268068,0.698254841,0.664437327,0.672315491,0.680051799,0.680865505,0.011971984
74,6.60468936,2.416377347,0.006248474,0.007652787,0.1,"(100, 25, 100)",40,"{'NN__alpha': 0.1, 'NN__hidden_layer_sizes': (100, 25, 100), 'km__n_clusters': 40}",0.657643312,0.661683527,0.682529751,0.685806546,0.698739707,0.677267258,0.01542548,31,0.683200587,0.679363106,0.692392106,0.699666246,0.684088745,0.687742158,0.007321034
75,1.327811146,0.204394509,0.003125954,0.006251907,0.01,"(50, 50)",2,"{'NN__alpha': 0.01, 'NN__hidden_layer_sizes': (50, 50), 'km__n_clusters': 2}",0.635949794,0.632827526,0.664105548,0.634301718,0.643713163,0.642177665,0.011588744,285,0.652062377,0.643306847,0.642899417,0.647791275,0.647453169,0.646702617,0.003360688
76,1.134106588,0.194758654,0.00312438,0.00624876,0.01,"(50, 50)",3,"{'NN__alpha': 0.01, 'NN__hidden_layer_sizes': (50, 50), 'km__n_clusters': 3}",0.671574872,0.661589859,0.679632851,0.658366426,0.678094303,0.669850989,0.008562932,139,0.673668509,0.681838042,0.670292081,0.677309687,0.671880057,0.674997675,0.004141615
77,1.174721909,0.1891152,0,0,0.01,"(50, 50)",4,"{'NN__alpha': 0.01, 'NN__hidden_layer_sizes': (50, 50), 'km__n_clusters': 4}",0.666110903,0.663407019,0.682262794,0.658541989,0.679093341,0.669881553,0.009194724,137,0.669333849,0.671127186,0.671048433,0.672418681,0.66165297,0.669116224,0.003858268
78,1.546509504,0.315688923,0.006248522,0.007652845,0.01,"(50, 50)",5,"{'NN__alpha': 0.01, 'NN__hidden_layer_sizes': (50, 50), 'km__n_clusters': 5}",0.660553266,0.665192956,0.681897814,0.659344564,0.688329223,0.67105909,0.011810612,111,0.669590916,0.676385904,0.663576687,0.675912443,0.672146372,0.671522464,0.004694262
79,1.577751827,0.549461826,0.009372425,0.007652553,0.01,"(50, 50)",6,"{'NN__alpha': 0.01, 'NN__hidden_layer_sizes': (50, 50), 'km__n_clusters': 6}",0.65524541,0.666098414,0.68039201,0.658859675,0.667533336,0.665624738,0.008665976,203,0.6695707,0.673786804,0.673513551,0.670371414,0.662640969,0.669976687,0.00402889
80,1.637113047,0.267922029,0.006248188,0.007652436,0.01,"(50, 50)",7,"{'NN__alpha': 0.01, 'NN__hidden_layer_sizes': (50, 50), 'km__n_clusters': 7}",0.679986262,0.63767953,0.68205632,0.671132383,0.678441249,0.669852637,0.016511905,138,0.674829418,0.657681719,0.672098617,0.676899791,0.66536523,0.669374955,0.007022853
81,2.358955002,0.972779212,0.003124332,0.006248665,0.01,"(50, 50)",8,"{'NN__alpha': 0.01, 'NN__hidden_layer_sizes': (50, 50), 'km__n_clusters': 8}",0.666916448,0.652529037,0.652219706,0.648551603,0.689564436,0.661952436,0.015161315,244,0.6717857,0.674254767,0.663659857,0.675243788,0.67296395,0.671581613,0.004129504
82,2.44101243,0.689954166,0.009372568,0.018745136,0.01,"(50, 50)",9,"{'NN__alpha': 0.01, 'NN__hidden_layer_sizes': (50, 50), 'km__n_clusters': 9}",0.64536031,0.661927064,0.683180459,0.667541696,0.679321155,0.66745806,0.013470132,169,0.668097946,0.680711695,0.669348009,0.68710082,0.673661009,0.675783896,0.007174358
83,2.367639542,0.821872848,0.003124475,0.006248951,0.01,"(50, 50)",10,"{'NN__alpha': 0.01, 'NN__hidden_layer_sizes': (50, 50), 'km__n_clusters': 10}",0.68277757,0.663382041,0.688409062,0.665740083,0.680963926,0.676254425,0.009887292,43,0.673711679,0.684743249,0.686004178,0.678658333,0.667161817,0.678055851,0.00701159
84,2.99929266,0.760483888,0.006248188,0.007652436,0.01,"(50, 50)",15,"{'NN__alpha': 0.01, 'NN__hidden_layer_sizes': (50, 50), 'km__n_clusters': 15}",0.658423879,0.661196453,0.689693792,0.676138026,0.699138904,0.676906852,0.015791729,36,0.67236322,0.681387425,0.680839032,0.69054455,0.686142658,0.682255377,0.006073475
85,3.342961931,1.36133055,0.003124189,0.006248379,0.01,"(50, 50)",20,"{'NN__alpha': 0.01, 'NN__hidden_layer_sizes': (50, 50), 'km__n_clusters': 20}",0.667341077,0.657755714,0.674719174,0.666066129,0.706010952,0.674369021,0.016702733,55,0.6783754,0.678040601,0.665452054,0.682557561,0.688281129,0.678541349,0.007517995
86,3.574155855,0.755361235,0.003124046,0.006248093,0.01,"(50, 50)",25,"{'NN__alpha': 0.01, 'NN__hidden_layer_sizes': (50, 50), 'km__n_clusters': 25}",0.661970776,0.652204321,0.692782568,0.659185721,0.683022614,0.669827479,0.015405745,140,0.672377306,0.664300635,0.684547268,0.680640455,0.674127843,0.675198701,0.006998332
87,9.350915623,0.786209964,0.009372473,0.007652592,0.01,"(50, 50)",30,"{'NN__alpha': 0.01, 'NN__hidden_layer_sizes': (50, 50), 'km__n_clusters': 30}",0.668989634,0.68014862,0.695587702,0.675567446,0.696183589,0.683290783,0.010876331,7,0.680956894,0.700417672,0.688563938,0.696926349,0.680721235,0.689517218,0.008065635
88,7.69299283,2.715614387,0.006248379,0.00765267,0.01,"(50, 50)",35,"{'NN__alpha': 0.01, 'NN__hidden_layer_sizes': (50, 50), 'km__n_clusters': 35}",0.66325715,0.667721993,0.697600307,0.658949546,0.701910296,0.67788176,0.018116783,25,0.682262313,0.6864209,0.692461197,0.69943133,0.686842713,0.689483691,0.005938431
89,8.42518816,1.667171085,0.015618229,0.009876086,0.01,"(50, 50)",40,"{'NN__alpha': 0.01, 'NN__hidden_layer_sizes': (50, 50), 'km__n_clusters': 40}",0.675227926,0.672243037,0.701022779,0.686784684,0.692503031,0.685549798,0.0107064,2,0.6893608,0.691526108,0.680196876,0.6890733,0.685942921,0.687220001,0.003937398
90,0.508250427,0.033328226,0.006248379,0.00765267,0.01,"(50,)",2,"{'NN__alpha': 0.01, 'NN__hidden_layer_sizes': (50,), 'km__n_clusters': 2}",0.608929687,0.637741976,0.65982798,0.642649333,0.652562388,0.640332366,0.017485503,295,0.638559002,0.651141189,0.645347588,0.648183973,0.638879088,0.644422168,0.005005103
91,0.737325811,0.128968106,0.003124523,0.006249046,0.01,"(50,)",3,"{'NN__alpha': 0.01, 'NN__hidden_layer_sizes': (50,), 'km__n_clusters': 3}",0.672305483,0.665917322,0.687032565,0.658370606,0.683258789,0.673376258,0.01063804,69,0.671147533,0.677766318,0.674087659,0.679385358,0.671500127,0.674777399,0.003303305
92,0.871668148,0.233673131,0.009372807,0.007652865,0.01,"(50,)",4,"{'NN__alpha': 0.01, 'NN__hidden_layer_sizes': (50,), 'km__n_clusters': 4}",0.662663919,0.660059948,0.684654979,0.669008904,0.67687581,0.670647985,0.009095683,117,0.672247794,0.672316919,0.672135379,0.675416554,0.665947111,0.671612752,0.003090005
93,0.721704817,0.131220134,0.006248045,0.007652261,0.01,"(50,)",5,"{'NN__alpha': 0.01, 'NN__hidden_layer_sizes': (50,), 'km__n_clusters': 5}",0.657849382,0.652360435,0.68148695,0.654926222,0.685378088,0.666394074,0.014067179,188,0.667716845,0.676536153,0.667547469,0.670927888,0.666202873,0.669786246,0.003714827
94,0.80605998,0.149377888,0.012497377,0.011690385,0.01,"(50,)",6,"{'NN__alpha': 0.01, 'NN__hidden_layer_sizes': (50,), 'km__n_clusters': 6}",0.654733358,0.664381166,0.678984229,0.657221084,0.681037077,0.667267476,0.010891478,174,0.67077804,0.681087057,0.668602347,0.671199415,0.666664365,0.671666245,0.004983268
95,1.096616983,0.357507798,0.018745756,0.006248426,0.01,"(50,)",7,"{'NN__alpha': 0.01, 'NN__hidden_layer_sizes': (50,), 'km__n_clusters': 7}",0.660815536,0.663076058,0.669017139,0.67310956,0.683018434,0.669800767,0.007901444,142,0.664978973,0.680818513,0.670030317,0.668250922,0.667985389,0.670412823,0.005450095
96,1.056002712,0.326270235,0.012493849,0.006246926,0.01,"(50,)",8,"{'NN__alpha': 0.01, 'NN__hidden_layer_sizes': (50,), 'km__n_clusters': 8}",0.656968902,0.650886724,0.683228428,0.629101701,0.679080801,0.659853245,0.019744477,256,0.660159394,0.674994144,0.666482684,0.644268459,0.670301838,0.663241304,0.010657898
97,1.237208462,0.145672402,0.028118658,0.011688945,0.01,"(50,)",9,"{'NN__alpha': 0.01, 'NN__hidden_layer_sizes': (50,), 'km__n_clusters': 9}",0.651979518,0.664961908,0.659177272,0.662715797,0.674417924,0.662646363,0.007344829,237,0.676587932,0.67563492,0.665559732,0.665477411,0.668556065,0.670363212,0.004832149
98,1.149728537,0.320081251,0.018745756,0.006248307,0.01,"(50,)",10,"{'NN__alpha': 0.01, 'NN__hidden_layer_sizes': (50,), 'km__n_clusters': 10}",0.670101161,0.662076933,0.665753173,0.662964511,0.658533629,0.663888061,0.003870322,220,0.670512235,0.679741598,0.65473798,0.661353039,0.651104844,0.663489939,0.010468837
99,1.518390512,0.280036257,0.02187047,0.021191407,0.01,"(50,)",15,"{'NN__alpha': 0.01, 'NN__hidden_layer_sizes': (50,), 'km__n_clusters': 15}",0.670669414,0.635194205,0.690152624,0.641524892,0.68653597,0.664810891,0.022661799,209,0.656890694,0.672941001,0.676266766,0.671576478,0.666178248,0.668770637,0.006772151
100,2.127624941,0.15254696,0.028115129,0.011686473,0.01,"(50,)",20,"{'NN__alpha': 0.01, 'NN__hidden_layer_sizes': (50,), 'km__n_clusters': 20}",0.667503434,0.65922318,0.678792353,0.660987334,0.668103917,0.666921561,0.006887029,181,0.669437797,0.678057947,0.674407042,0.681766172,0.663474963,0.673428784,0.006432802
101,2.808710289,0.263143904,0.012497616,0.011690003,0.01,"(50,)",25,"{'NN__alpha': 0.01, 'NN__hidden_layer_sizes': (50,), 'km__n_clusters': 25}",0.672405395,0.662770076,0.684289999,0.679904276,0.668919032,0.67365497,0.007677094,63,0.687223533,0.66894088,0.672307194,0.681005531,0.662484619,0.674392351,0.008766229
102,3.899078178,0.638650957,0.003123999,0.006247997,0.01,"(50,)",30,"{'NN__alpha': 0.01, 'NN__hidden_layer_sizes': (50,), 'km__n_clusters': 30}",0.670213563,0.635081803,0.665292255,0.666820633,0.681962965,0.663865369,0.015541101,221,0.675374853,0.659549921,0.658475678,0.683240549,0.667088593,0.668745919,0.009453338
103,4.136523008,0.340157933,0.006248522,0.007652845,0.01,"(50,)",35,"{'NN__alpha': 0.01, 'NN__hidden_layer_sizes': (50,), 'km__n_clusters': 35}",0.674197577,0.662083177,0.681770592,0.652338754,0.680809263,0.670240512,0.011375039,129,0.679163817,0.68926246,0.67476058,0.655304916,0.679204384,0.675539231,0.01117973
104,7.863766575,3.83715633,0.003124332,0.006248665,0.01,"(50,)",40,"{'NN__alpha': 0.01, 'NN__hidden_layer_sizes': (50,), 'km__n_clusters': 40}",0.67859373,0.660934183,0.646832597,0.6709819,0.686441918,0.668753213,0.013828815,158,0.684168468,0.68704472,0.658245983,0.688682817,0.671724489,0.677973296,0.011520236
105,0.446768951,0.084759144,0.00312438,0.00624876,0.01,"(25,)",2,"{'NN__alpha': 0.01, 'NN__hidden_layer_sizes': (25,), 'km__n_clusters': 2}",0.640926689,0.63169102,0.66107934,0.640444342,0.644695481,0.643764819,0.0096505,281,0.646491945,0.645019191,0.643838795,0.647358969,0.642041519,0.644950084,0.001891008
106,0.734202099,0.274152828,0.003127575,0.00625515,0.01,"(25,)",3,"{'NN__alpha': 0.01, 'NN__hidden_layer_sizes': (25,), 'km__n_clusters': 3}",0.67025103,0.644504808,0.687998198,0.659507587,0.672444927,0.666937801,0.014448051,180,0.66899631,0.667318529,0.672216724,0.666566386,0.662516801,0.66752295,0.003169247
107,0.534248161,0.062794346,0,0,0.01,"(25,)",4,"{'NN__alpha': 0.01, 'NN__hidden_layer_sizes': (25,), 'km__n_clusters': 4}",0.647052579,0.66601099,0.6763376,0.649281027,0.677364879,0.663206643,0.012926643,231,0.657121807,0.675614834,0.669550851,0.671003457,0.663406951,0.66733958,0.006429028
108,0.721704197,0.066569643,0.003124285,0.006248569,0.01,"(25,)",5,"{'NN__alpha': 0.01, 'NN__hidden_layer_sizes': (25,), 'km__n_clusters': 5}",0.658186587,0.65390908,0.672454211,0.657958868,0.673276763,0.663153195,0.008075614,232,0.670904813,0.669695125,0.662580211,0.674781514,0.667915813,0.669175495,0.00399431
109,0.771692133,0.12790335,0,0,0.01,"(25,)",6,"{'NN__alpha': 0.01, 'NN__hidden_layer_sizes': (25,), 'km__n_clusters': 6}",0.655982266,0.635450231,0.702178202,0.658949546,0.671226435,0.664749429,0.021966733,210,0.678609382,0.66037629,0.661940662,0.664550649,0.659377562,0.664970909,0.007039361
110,0.977894402,0.174120001,0,0,0.01,"(25,)",7,"{'NN__alpha': 0.01, 'NN__hidden_layer_sizes': (25,), 'km__n_clusters': 7}",0.663900337,0.648295242,0.671599114,0.640945952,0.6758078,0.660108759,0.013410201,255,0.673818627,0.676016151,0.6647601,0.657034924,0.664151175,0.667156196,0.006929623
111,1.03412981,0.284015437,0.006248093,0.007652319,0.01,"(25,)",8,"{'NN__alpha': 0.01, 'NN__hidden_layer_sizes': (25,), 'km__n_clusters': 8}",0.668465093,0.655638816,0.675862083,0.5,0.66991807,0.634008279,0.067285472,298,0.656728968,0.67120518,0.663625963,0.5,0.664122772,0.631136577,0.065728098
112,0.915408707,0.221931319,0.009372759,0.007652826,0.01,"(25,)",9,"{'NN__alpha': 0.01, 'NN__hidden_layer_sizes': (25,), 'km__n_clusters': 9}",0.671243912,0.625090546,0.683893734,0.659434435,0.568160348,0.641578624,0.041585761,290,0.671008891,0.657886877,0.665705996,0.672824799,0.564829446,0.646451202,0.041139469
113,1.130982924,0.329100746,0.003124237,0.006248474,0.01,"(25,)",10,"{'NN__alpha': 0.01, 'NN__hidden_layer_sizes': (25,), 'km__n_clusters': 10}",0.665605096,0.660216061,0.674959018,0.654616896,0.689401413,0.668955983,0.012220713,156,0.67650146,0.681448073,0.66309331,0.668975733,0.667754252,0.671554566,0.006558031
114,1.11536212,0.21203599,0.018745232,0.015304834,0.01,"(25,)",15,"{'NN__alpha': 0.01, 'NN__hidden_layer_sizes': (25,), 'km__n_clusters': 15}",0.666604221,0.663388285,0.687823008,0.673443966,0.665353426,0.671320784,0.008918039,105,0.670769041,0.679051391,0.66960847,0.670064056,0.648885723,0.667675736,0.010014771
115,1.396545649,0.108497594,0.024993515,0.012496936,0.01,"(25,)",20,"{'NN__alpha': 0.01, 'NN__hidden_layer_sizes': (25,), 'km__n_clusters': 20}",0.660153616,0.659985013,0.680043714,0.646428124,0.667623208,0.662847977,0.010984365,234,0.666616453,0.682184319,0.663580598,0.654817887,0.659579513,0.665355754,0.009298954
116,1.69334898,0.473570575,0.018746471,0.011690564,0.01,"(25,)",25,"{'NN__alpha': 0.01, 'NN__hidden_layer_sizes': (25,), 'km__n_clusters': 25}",0.619457974,0.653103534,0.671219535,0.66614346,0.675584166,0.657087618,0.020281681,264,0.629708131,0.664713559,0.64837821,0.675863845,0.656031941,0.654939137,0.015583494
117,2.424425888,0.656571331,0.009376192,0.007655631,0.01,"(25,)",30,"{'NN__alpha': 0.01, 'NN__hidden_layer_sizes': (25,), 'km__n_clusters': 30}",0.650031223,0.624990633,0.645391447,0.651429587,0.682863771,0.650929236,0.01856877,269,0.659806987,0.660878816,0.63383284,0.647727042,0.665680144,0.653585166,0.011512332
118,3.274227142,0.434103282,0.009372663,0.007652748,0.01,"(25,)",35,"{'NN__alpha': 0.01, 'NN__hidden_layer_sizes': (25,), 'km__n_clusters': 35}",0.668084176,0.65955414,0.680344041,0.663844418,0.676468252,0.669656419,0.00773251,146,0.673541214,0.675851685,0.67654678,0.679993428,0.671569703,0.675500562,0.002852872
119,2.83995738,0.347677733,0.031240416,0.022091962,0.01,"(25,)",40,"{'NN__alpha': 0.01, 'NN__hidden_layer_sizes': (25,), 'km__n_clusters': 40}",0.664312477,0.658985887,0.688600937,0.665903106,0.679741253,0.671504172,0.010955001,97,0.676304911,0.693299491,0.668958492,0.67896126,0.671263779,0.677757587,0.008540533
120,0.602982187,0.120437005,0.00312438,0.00624876,0.01,"(25, 25)",2,"{'NN__alpha': 0.01, 'NN__hidden_layer_sizes': (25, 25), 'km__n_clusters': 2}",0.64198826,0.638391408,0.659162673,0.647153367,0.655179116,0.648370485,0.007806655,276,0.650866906,0.654080958,0.642586552,0.650135477,0.650966475,0.649727274,0.003819568
121,0.643597794,0.223858987,0.012496901,0.00624845,0.01,"(25, 25)",3,"{'NN__alpha': 0.01, 'NN__hidden_layer_sizes': (25, 25), 'km__n_clusters': 3}",0.666529287,0.658405145,0.681376414,0.656247126,0.669171927,0.666345881,0.008932294,191,0.666705924,0.679403668,0.667052882,0.674329013,0.65959593,0.669417483,0.006830136
122,0.656096029,0.075241424,0.015620756,0.017113457,0.01,"(25, 25)",4,"{'NN__alpha': 0.01, 'NN__hidden_layer_sizes': (25, 25), 'km__n_clusters': 4}",0.664293743,0.662901211,0.684465189,0.650353217,0.660918363,0.664589594,0.011080724,213,0.674939235,0.679097561,0.673848838,0.65291876,0.648782401,0.665917359,0.012494724
123,0.784190607,0.211759532,0.012496567,0.018216965,0.01,"(25, 25)",5,"{'NN__alpha': 0.01, 'NN__hidden_layer_sizes': (25, 25), 'km__n_clusters': 5}",0.669364306,0.665192956,0.685368255,0.659357104,0.691353509,0.674123929,0.012193013,57,0.675190433,0.672646241,0.668576014,0.676519861,0.672723042,0.673131118,0.002715694
124,0.756071663,0.109393214,0.006247997,0.007652203,0.01,"(25, 25)",6,"{'NN__alpha': 0.01, 'NN__hidden_layer_sizes': (25, 25), 'km__n_clusters': 6}",0.669189459,0.661258898,0.686794806,0.649289387,0.679737073,0.669254215,0.01326373,154,0.673480958,0.676256132,0.672043605,0.650061471,0.667759463,0.667920326,0.00934208
125,0.862296724,0.047791425,0.015620852,0.009879705,0.01,"(25, 25)",7,"{'NN__alpha': 0.01, 'NN__hidden_layer_sizes': (25, 25), 'km__n_clusters': 7}",0.656881479,0.662401649,0.670935893,0.659189901,0.668850061,0.663650009,0.005429347,224,0.671291782,0.673238369,0.662444636,0.671933216,0.654481996,0.666678,0.007191754
126,1.243455029,0.552703341,0.024994469,0.015930536,0.01,"(25, 25)",8,"{'NN__alpha': 0.01, 'NN__hidden_layer_sizes': (25, 25), 'km__n_clusters': 8}",0.639396778,0.661671038,0.669190244,0.663934289,0.68761234,0.664350636,0.015457475,217,0.652426001,0.674999883,0.665667931,0.675679091,0.677173663,0.669189314,0.009306326
127,1.230960417,0.224511846,0.01874485,0.018216843,0.01,"(25, 25)",9,"{'NN__alpha': 0.01, 'NN__hidden_layer_sizes': (25, 25), 'km__n_clusters': 9}",0.669701511,0.653603097,0.661869783,0.659846173,0.672127242,0.663427792,0.006735998,228,0.676974902,0.673604862,0.671845978,0.673572802,0.662812302,0.671762169,0.004773963
128,0.987266207,0.30119568,0.028118515,0.018217505,0.01,"(25, 25)",10,"{'NN__alpha': 0.01, 'NN__hidden_layer_sizes': (25, 25), 'km__n_clusters': 10}",0.672305483,0.659728987,0.643873129,0.661004055,0.657486519,0.658882399,0.009086275,259,0.673189199,0.68102641,0.640096404,0.66663531,0.661399423,0.664469349,0.013844337
129,1.19659152,0.232668858,0.024994278,0.01874547,0.01,"(25, 25)",15,"{'NN__alpha': 0.01, 'NN__hidden_layer_sizes': (25, 25), 'km__n_clusters': 15}",0.660322218,0.67025103,0.687205669,0.653463194,0.678836266,0.670015323,0.012174061,134,0.677939261,0.679628911,0.682500607,0.677985899,0.67502985,0.678616906,0.002442607
130,1.33093586,0.108856994,0.028117275,0.011690105,0.01,"(25, 25)",20,"{'NN__alpha': 0.01, 'NN__hidden_layer_sizes': (25, 25), 'km__n_clusters': 20}",0.675409017,0.651698514,0.684244115,0.669029804,0.67687581,0.671447616,0.011001447,100,0.682187449,0.679487531,0.672610413,0.679704833,0.67874211,0.678546467,0.003186195
131,1.471526003,0.204728174,0.028119278,0.011690131,0.01,"(25, 25)",25,"{'NN__alpha': 0.01, 'NN__hidden_layer_sizes': (25, 25), 'km__n_clusters': 25}",0.669551642,0.661352567,0.691276763,0.667786231,0.678917778,0.673773772,0.010400874,62,0.667604028,0.67496219,0.682019056,0.677581996,0.669820151,0.674397484,0.005208673
132,1.996402311,0.449113016,0.009372187,0.007652358,0.01,"(25, 25)",30,"{'NN__alpha': 0.01, 'NN__hidden_layer_sizes': (25, 25), 'km__n_clusters': 30}",0.652554015,0.668146622,0.630529451,0.655032814,0.680242863,0.657298178,0.016661042,262,0.670809472,0.677047026,0.632877037,0.669111887,0.67435898,0.66484088,0.01621812
133,2.636875534,0.227750086,0.015621233,0.01711189,0.01,"(25, 25)",35,"{'NN__alpha': 0.01, 'NN__hidden_layer_sizes': (25, 25), 'km__n_clusters': 35}",0.662345448,0.661689771,0.698962205,0.672371776,0.701266564,0.67931703,0.017405611,19,0.669625608,0.684093213,0.677490851,0.692403286,0.686821084,0.682086809,0.00786477
134,2.871195841,0.536190806,0.003124285,0.006248569,0.01,"(25, 25)",40,"{'NN__alpha': 0.01, 'NN__hidden_layer_sizes': (25, 25), 'km__n_clusters': 40}",0.654820782,0.668627451,0.686602931,0.658876395,0.688260252,0.671432728,0.013817585,101,0.679016698,0.690059354,0.682100401,0.672090347,0.673429221,0.679339204,0.006482648
135,2.711858797,0.872200241,0.012497711,0.006248856,0.01,"(100, 25, 100)",2,"{'NN__alpha': 0.01, 'NN__hidden_layer_sizes': (100, 25, 100), 'km__n_clusters': 2}",0.617259898,0.632021981,0.663329704,0.646582786,0.651494378,0.642127791,0.015989159,286,0.641868394,0.655550843,0.647837736,0.646732919,0.648611068,0.648120192,0.004394197
136,2.530651951,0.498611888,0.006248093,0.007652319,0.01,"(100, 25, 100)",3,"{'NN__alpha': 0.01, 'NN__hidden_layer_sizes': (100, 25, 100), 'km__n_clusters': 3}",0.662501561,0.664125141,0.691262164,0.656736195,0.689637587,0.6728485,0.014583095,78,0.670448718,0.677572768,0.668760344,0.677237897,0.674919884,0.673787922,0.003575907
137,2.343196821,0.781752381,0.009372425,0.007652553,0.01,"(100, 25, 100)",4,"{'NN__alpha': 0.01, 'NN__hidden_layer_sizes': (100, 25, 100), 'km__n_clusters': 4}",0.667303609,0.662083177,0.694732605,0.66615182,0.675889312,0.673229522,0.011653434,72,0.664653172,0.681999768,0.674456318,0.672640828,0.665851347,0.671920287,0.006295865
138,2.558770037,0.803086243,0.009373379,0.007653332,0.01,"(100, 25, 100)",5,"{'NN__alpha': 0.01, 'NN__hidden_layer_sizes': (100, 25, 100), 'km__n_clusters': 5}",0.65801174,0.656050955,0.675069555,0.667533336,0.675648957,0.666456966,0.008240519,187,0.667716845,0.675788038,0.66892173,0.682135678,0.66746253,0.672404964,0.005738833
139,2.449420738,0.54252543,0.00937314,0.007653137,0.01,"(100, 25, 100)",6,"{'NN__alpha': 0.01, 'NN__hidden_layer_sizes': (100, 25, 100), 'km__n_clusters': 6}",0.661945797,0.655645061,0.67009331,0.667370313,0.668381892,0.664683568,0.005280553,211,0.668389575,0.678164634,0.655694306,0.678926082,0.657500976,0.667735114,0.009840321
140,3.633515644,0.568117348,0.00624876,0.007653137,0.01,"(100, 25, 100)",7,"{'NN__alpha': 0.01, 'NN__hidden_layer_sizes': (100, 25, 100), 'km__n_clusters': 7}",0.678768577,0.65948545,0.693543812,0.668678677,0.687925845,0.677676728,0.012409976,28,0.685355201,0.6853089,0.684295412,0.683699695,0.677353856,0.683202613,0.00299063
141,3.702250051,1.568833412,0.012498188,0.006249094,0.01,"(100, 25, 100)",8,"{'NN__alpha': 0.01, 'NN__hidden_layer_sizes': (100, 25, 100), 'km__n_clusters': 8}",0.674759585,0.669214437,0.672108001,0.657074782,0.683825189,0.671397026,0.008669618,103,0.678658552,0.686856648,0.664638865,0.664961327,0.678839308,0.67479094,0.008678882
142,3.258604145,0.927100503,0.00624876,0.007653137,0.01,"(100, 25, 100)",9,"{'NN__alpha': 0.01, 'NN__hidden_layer_sizes': (100, 25, 100), 'km__n_clusters': 9}",0.665517672,0.658567503,0.687887661,0.66558542,0.685150274,0.672536267,0.011726189,83,0.668023082,0.678008907,0.68435251,0.66842447,0.683320547,0.676425903,0.007035673
143,4.504317331,1.161116643,0.015620947,4.52E-07,0.01,"(100, 25, 100)",10,"{'NN__alpha': 0.01, 'NN__hidden_layer_sizes': (100, 25, 100), 'km__n_clusters': 10}",0.6658861,0.656881479,0.695983966,0.67204155,0.691846758,0.676519579,0.015051991,41,0.679879717,0.690186257,0.682327489,0.684681831,0.690713538,0.685557766,0.004276613
144,4.968924379,1.389493013,0.006248713,0.007653079,0.01,"(100, 25, 100)",15,"{'NN__alpha': 0.01, 'NN__hidden_layer_sizes': (100, 25, 100), 'km__n_clusters': 15}",0.662776321,0.671499938,0.676952853,0.649726205,0.709622539,0.674110454,0.0199865,58,0.674979276,0.69060505,0.684379885,0.675818373,0.696138738,0.684384264,0.00823036
145,5.035479736,1.129200223,0.009372425,0.007652553,0.01,"(100, 25, 100)",20,"{'NN__alpha': 0.01, 'NN__hidden_layer_sizes': (100, 25, 100), 'km__n_clusters': 20}",0.673061072,0.660784314,0.691627145,0.67686745,0.70109936,0.680678864,0.014179105,13,0.682207404,0.684552438,0.679750782,0.687253391,0.688251944,0.684403192,0.003144048
146,6.789020872,3.001724229,0.009372759,0.007652826,0.01,"(100, 25, 100)",25,"{'NN__alpha': 0.01, 'NN__hidden_layer_sizes': (100, 25, 100), 'km__n_clusters': 25}",0.699512926,0.668227801,0.690534289,0.678591732,0.682431133,0.683860947,0.010622534,6,0.713900701,0.709583387,0.682772279,0.694813285,0.679427964,0.696099523,0.013826838
147,7.229541445,0.978217413,0.009372807,0.007652865,0.01,"(100, 25, 100)",30,"{'NN__alpha': 0.01, 'NN__hidden_layer_sizes': (100, 25, 100), 'km__n_clusters': 30}",0.67907456,0.670094917,0.68864682,0.670244117,0.696913013,0.680991014,0.010485831,12,0.693848317,0.703571207,0.684552483,0.693401839,0.678959697,0.690866708,0.008466021
148,6.817139196,0.783036979,0.009372902,0.007652942,0.01,"(100, 25, 100)",35,"{'NN__alpha': 0.01, 'NN__hidden_layer_sizes': (100, 25, 100), 'km__n_clusters': 35}",0.671743474,0.667241164,0.676825631,0.671067592,0.688256072,0.675022636,0.007282847,51,0.678031862,0.698650419,0.668912345,0.68305801,0.679570893,0.681644706,0.009702145
149,6.604688644,2.095827153,0.003124094,0.006248188,0.01,"(100, 25, 100)",40,"{'NN__alpha': 0.01, 'NN__hidden_layer_sizes': (100, 25, 100), 'km__n_clusters': 40}",0.66621706,0.667403522,0.674322909,0.666327384,0.68228065,0.671307246,0.006250628,108,0.676974641,0.705809162,0.674056633,0.685529376,0.676052376,0.683684438,0.01173773
150,1.29032011,0.125981564,0,0,0.001,"(50, 50)",2,"{'NN__alpha': 0.001, 'NN__hidden_layer_sizes': (50, 50), 'km__n_clusters': 2}",0.642069439,0.633402023,0.647595927,0.635365548,0.648543243,0.641393514,0.006168016,291,0.646569939,0.643087342,0.637911301,0.646564583,0.649375488,0.64470173,0.003937527
151,1.480899763,0.293148758,0,0,0.001,"(50, 50)",3,"{'NN__alpha': 0.001, 'NN__hidden_layer_sizes': (50, 50), 'km__n_clusters': 3}",0.671574872,0.659304359,0.679632851,0.658366426,0.679977428,0.669769664,0.009425202,143,0.673688725,0.678485348,0.671109441,0.677309687,0.672985579,0.674715756,0.002756524
152,1.76208353,0.581766927,0,0,0.001,"(50, 50)",4,"{'NN__alpha': 0.001, 'NN__hidden_layer_sizes': (50, 50), 'km__n_clusters': 4}",0.669951293,0.662426627,0.685875056,0.656332818,0.677617774,0.670440392,0.010517006,121,0.667985259,0.671086755,0.671479405,0.673604984,0.666216423,0.670074565,0.002634859
153,2.062011957,0.483302106,0.006249666,0.007654247,0.001,"(50, 50)",5,"{'NN__alpha': 0.001, 'NN__hidden_layer_sizes': (50, 50), 'km__n_clusters': 5}",0.659654053,0.666092169,0.681897814,0.662536053,0.68170171,0.670372586,0.009547171,123,0.669631347,0.678779847,0.663842362,0.676013419,0.67033402,0.671720199,0.00522715
154,1.872115993,0.382258681,0.009372425,0.007652553,0.001,"(50, 50)",6,"{'NN__alpha': 0.001, 'NN__hidden_layer_sizes': (50, 50), 'km__n_clusters': 6}",0.657449731,0.664056451,0.672295705,0.659841993,0.670480291,0.664823035,0.005789775,208,0.673576038,0.674482749,0.66589163,0.671127625,0.664338144,0.669883237,0.004074844
155,2.732319736,0.596385074,0,0,0.001,"(50, 50)",7,"{'NN__alpha': 0.001, 'NN__hidden_layer_sizes': (50, 50), 'km__n_clusters': 7}",0.67530286,0.638741102,0.68205632,0.670150065,0.683507503,0.669943485,0.016333356,136,0.663050516,0.660540625,0.672159626,0.677370273,0.672184548,0.669061118,0.006278929
156,2.696695566,0.882050327,0,0,0.001,"(50, 50)",8,"{'NN__alpha': 0.001, 'NN__hidden_layer_sizes': (50, 50), 'km__n_clusters': 8}",0.665118022,0.652529037,0.661504803,0.651009489,0.688256072,0.663679073,0.013379218,223,0.668716028,0.674295199,0.667275016,0.684425288,0.673272871,0.67359688,0.0060272
157,2.615006542,0.674188696,0.003124237,0.006248474,0.001,"(50, 50)",9,"{'NN__alpha': 0.001, 'NN__hidden_layer_sizes': (50, 50), 'km__n_clusters': 9}",0.64536031,0.662907456,0.681199137,0.666979476,0.695449985,0.670368219,0.016964594,125,0.668118162,0.680446021,0.668252459,0.687927388,0.675840653,0.676116936,0.007538362
158,2.199480009,0.520767994,0.006248426,0.007652728,0.001,"(50, 50)",10,"{'NN__alpha': 0.001, 'NN__hidden_layer_sizes': (50, 50), 'km__n_clusters': 10}",0.676414387,0.658236543,0.685858371,0.665740083,0.689882122,0.675222021,0.011898493,49,0.673174461,0.68247347,0.683404528,0.678658333,0.68147445,0.679837048,0.003691562
159,2.433799553,0.716089277,0,0,0.001,"(50, 50)",15,"{'NN__alpha': 0.001, 'NN__hidden_layer_sizes': (50, 50), 'km__n_clusters': 15}",0.658423879,0.655295367,0.69142067,0.659931865,0.702004347,0.673405385,0.019369817,67,0.67236322,0.674887326,0.682067028,0.681960697,0.684387894,0.679133233,0.004649171
160,2.421302605,0.391095111,0.006248951,0.007653371,0.001,"(50, 50)",20,"{'NN__alpha': 0.001, 'NN__hidden_layer_sizes': (50, 50), 'km__n_clusters': 20}",0.675727488,0.65841139,0.671375955,0.664264515,0.690049325,0.671961617,0.010810657,89,0.676140576,0.678658552,0.66277497,0.68253437,0.685723771,0.677166448,0.007904882
161,2.727479839,0.626770371,0.009373188,0.007653176,0.001,"(50, 50)",25,"{'NN__alpha': 0.001, 'NN__hidden_layer_sizes': (50, 50), 'km__n_clusters': 25}",0.671749719,0.653184713,0.692244483,0.661419972,0.685313297,0.672777988,0.014492325,79,0.676977771,0.664606741,0.689730925,0.679240344,0.675210173,0.677153191,0.00804705
162,4.027172709,0.67886357,0.006248569,0.007652903,0.001,"(50, 50)",30,"{'NN__alpha': 0.001, 'NN__hidden_layer_sizes': (50, 50), 'km__n_clusters': 30}",0.664986886,0.669601599,0.666685437,0.671149103,0.69192827,0.672864445,0.009766825,77,0.682654891,0.684465836,0.668768687,0.693044319,0.679800467,0.68174684,0.007849476
163,5.392475462,1.553935701,0.009372568,0.00765267,0.001,"(50, 50)",35,"{'NN__alpha': 0.001, 'NN__hidden_layer_sizes': (50, 50), 'km__n_clusters': 35}",0.66709754,0.675415262,0.697521054,0.66664507,0.694463487,0.680224687,0.013278334,15,0.684165338,0.695447844,0.69180783,0.689999281,0.687091048,0.689702268,0.003873224
164,5.201897764,1.808699648,0.009373617,0.012498355,0.001,"(50, 50)",40,"{'NN__alpha': 0.001, 'NN__hidden_layer_sizes': (50, 50), 'km__n_clusters': 40}",0.689471712,0.668883477,0.698472088,0.683756218,0.684151235,0.684944997,0.009630899,5,0.697711884,0.687047329,0.684199727,0.685846505,0.674671549,0.685895399,0.007345866
165,0.47801218,0.076909804,0,0,0.001,"(50,)",2,"{'NN__alpha': 0.001, 'NN__hidden_layer_sizes': (50,), 'km__n_clusters': 2}",0.609991258,0.642968652,0.662695682,0.645514777,0.652562388,0.642737344,0.01775347,283,0.638579218,0.652715022,0.645511582,0.649537831,0.638593359,0.644987402,0.005703436
166,0.652965546,0.082305286,0.003124762,0.006249523,0.001,"(50,)",3,"{'NN__alpha': 0.001, 'NN__hidden_layer_sizes': (50,), 'km__n_clusters': 3}",0.667403522,0.663956538,0.685970993,0.658370606,0.683258789,0.671789994,0.01089112,93,0.673599253,0.677437126,0.672554618,0.679119825,0.671500127,0.67484219,0.002931863
167,0.756071138,0.15640095,0.006248522,0.007652845,0.001,"(50,)",4,"{'NN__alpha': 0.001, 'NN__hidden_layer_sizes': (50,), 'km__n_clusters': 4}",0.66258274,0.660059948,0.688473715,0.669008904,0.672375956,0.670496428,0.010006438,119,0.671901256,0.672316919,0.67270349,0.675927427,0.664887973,0.671547413,0.003621782
168,0.652970791,0.097003441,0.00312438,0.00624876,0.001,"(50,)",5,"{'NN__alpha': 0.001, 'NN__hidden_layer_sizes': (50,), 'km__n_clusters': 5}",0.657849382,0.654321219,0.680425379,0.659837813,0.685378088,0.667555632,0.012744301,166,0.667716845,0.675456108,0.667056792,0.668682447,0.665997925,0.668982023,0.003353075
169,0.656094933,0.077163571,0.003124189,0.006248379,0.001,"(50,)",6,"{'NN__alpha': 0.001, 'NN__hidden_layer_sizes': (50,), 'km__n_clusters': 6}",0.654733358,0.664381166,0.679887294,0.657221084,0.681037077,0.667448089,0.011089958,170,0.670552797,0.681087057,0.669236682,0.670954076,0.666664365,0.671698995,0.004927776
170,0.871668577,0.130847282,0.006248808,0.007653195,0.001,"(50,)",7,"{'NN__alpha': 0.001, 'NN__hidden_layer_sizes': (50,), 'km__n_clusters': 7}",0.660490821,0.665199201,0.666893997,0.672127242,0.683018434,0.669539927,0.007694207,150,0.663327146,0.681881212,0.66900829,0.66886277,0.667985389,0.670212961,0.006193527
171,0.946652079,0.183403439,0.003124046,0.006248093,0.001,"(50,)",8,"{'NN__alpha': 0.001, 'NN__hidden_layer_sizes': (50,), 'km__n_clusters': 8}",0.655907331,0.652847508,0.682166856,0.6580571,0.680063119,0.66580239,0.012624557,201,0.660159394,0.671909995,0.666462348,0.663287344,0.669790966,0.666322009,0.004253609
172,1.115360689,0.171579084,0.006248617,0.012497234,0.001,"(50,)",9,"{'NN__alpha': 0.001, 'NN__hidden_layer_sizes': (50,), 'km__n_clusters': 9}",0.661208942,0.6659423,0.659098019,0.662715797,0.68064624,0.665918951,0.007689654,198,0.679077215,0.675349029,0.665294057,0.665211877,0.669535204,0.670893476,0.005519139
173,1.084119177,0.198237193,0.009372902,0.007652942,0.001,"(50,)",10,"{'NN__alpha': 0.001, 'NN__hidden_layer_sizes': (50,), 'km__n_clusters': 10}",0.670101161,0.654477332,0.665753173,0.666473686,0.666066129,0.664572672,0.005288613,215,0.670777909,0.674890196,0.65473798,0.68026274,0.655671295,0.667268024,0.010303063
174,1.349682045,0.12204787,0.003123474,0.006246948,0.001,"(50,)",15,"{'NN__alpha': 0.001, 'NN__hidden_layer_sizes': (50,), 'km__n_clusters': 15}",0.680317222,0.636255776,0.690152624,0.639315721,0.685716674,0.666349877,0.023550905,190,0.669111605,0.673206675,0.676001091,0.670436559,0.666585148,0.671068216,0.003262866
175,1.737088537,0.144663832,0.012497282,0.011690105,0.001,"(50,)",20,"{'NN__alpha': 0.001, 'NN__hidden_layer_sizes': (50,), 'km__n_clusters': 20}",0.674516048,0.65922318,0.677223981,0.662462902,0.658443757,0.666376593,0.007916751,189,0.673610731,0.678323622,0.673077364,0.6828343,0.65850461,0.673270125,0.008187611
176,2.15886569,0.191167239,0.00624814,0.007652378,0.001,"(50,)",25,"{'NN__alpha': 0.001, 'NN__hidden_layer_sizes': (50,), 'km__n_clusters': 25}",0.666048458,0.661789684,0.681215822,0.673847344,0.667855202,0.670148472,0.006755376,131,0.675519233,0.672435084,0.672518378,0.669373643,0.66219889,0.670409046,0.004541956
177,4.030297613,1.730090087,0,0,0.001,"(50,)",30,"{'NN__alpha': 0.001, 'NN__hidden_layer_sizes': (50,), 'km__n_clusters': 30}",0.668989634,0.67126889,0.666702122,0.663787986,0.684502362,0.67104856,0.007164717,112,0.679117386,0.680431283,0.656434232,0.67630449,0.666338376,0.671725153,0.009102107
178,4.298980713,0.624340012,0,0,0.001,"(50,)",35,"{'NN__alpha': 0.001, 'NN__hidden_layer_sizes': (50,), 'km__n_clusters': 35}",0.682521544,0.657761958,0.681849845,0.652338754,0.693167663,0.673526887,0.015702802,66,0.687165885,0.683304927,0.674555914,0.655304916,0.680407885,0.676147905,0.011204739
179,6.095434713,2.521618514,0.018745899,0.011690334,0.001,"(50,)",40,"{'NN__alpha': 0.001, 'NN__hidden_layer_sizes': (50,), 'km__n_clusters': 40}",0.684232547,0.662401649,0.649034992,0.665911466,0.69571542,0.671456155,0.016533618,99,0.68560366,0.685037747,0.658572667,0.681256863,0.676330678,0.677360323,0.009961071
180,0.496757364,0.077416076,0.003124762,0.006249523,0.001,"(25,)",2,"{'NN__alpha': 0.001, 'NN__hidden_layer_sizes': (25,), 'km__n_clusters': 2}",0.639946297,0.63169102,0.66107934,0.640444342,0.648054174,0.644239594,0.009885151,279,0.647023294,0.645019191,0.643838795,0.648421104,0.648810023,0.646622481,0.001923564
181,0.618604183,0.156088074,0,0,0.001,"(25,)",3,"{'NN__alpha': 0.001, 'NN__hidden_layer_sizes': (25,), 'km__n_clusters': 3}",0.67025103,0.6454852,0.682214825,0.659507587,0.673508757,0.666189953,0.012653447,194,0.668750851,0.667318529,0.670809612,0.666566386,0.663864665,0.667462008,0.002307864
182,0.531124449,0.070555882,0,0,0.001,"(25,)",4,"{'NN__alpha': 0.001, 'NN__hidden_layer_sizes': (25,), 'km__n_clusters': 4}",0.647052579,0.666173348,0.6763376,0.644862684,0.677364879,0.662356381,0.013966003,240,0.657121807,0.675655266,0.669305512,0.670660139,0.663406951,0.667229935,0.006385139
183,0.656093502,0.0861305,0.003124142,0.006248283,0.001,"(25,)",5,"{'NN__alpha': 0.001, 'NN__hidden_layer_sizes': (25,), 'km__n_clusters': 5}",0.658186587,0.65390908,0.672454211,0.658941186,0.673276763,0.663349459,0.007958071,229,0.670904813,0.669981015,0.662580211,0.674781514,0.667915813,0.669232673,0.004003376
184,0.687337494,0.067731395,0.00312438,0.00624876,0.001,"(25,)",6,"{'NN__alpha': 0.001, 'NN__hidden_layer_sizes': (25,), 'km__n_clusters': 6}",0.658105408,0.635450231,0.702178202,0.659931865,0.671226435,0.665370754,0.021760441,205,0.678875057,0.66037629,0.661940662,0.665041326,0.659397757,0.665126218,0.007135301
185,0.762319803,0.125904353,0.003124523,0.006249046,0.001,"(25,)",7,"{'NN__alpha': 0.001, 'NN__hidden_layer_sizes': (25,), 'km__n_clusters': 7}",0.668558761,0.64508555,0.677747467,0.64192827,0.6758078,0.661824735,0.015298398,246,0.673619339,0.668040428,0.671372509,0.65785172,0.664151175,0.667007034,0.005582536
186,0.915408611,0.182066718,0.003124189,0.006248379,0.001,"(25,)",8,"{'NN__alpha': 0.001, 'NN__hidden_layer_sizes': (25,), 'km__n_clusters': 8}",0.672243037,0.646334457,0.677478424,0.5,0.668854241,0.633012588,0.067309837,299,0.663168419,0.665692395,0.665851739,0.5,0.665877536,0.632118018,0.066066945
187,0.843550825,0.167955975,0,0,0.001,"(25,)",9,"{'NN__alpha': 0.001, 'NN__hidden_layer_sizes': (25,), 'km__n_clusters': 9}",0.671243912,0.625090546,0.684876053,0.659434435,0.568160348,0.641775087,0.04178704,288,0.671008891,0.657621202,0.66515431,0.672824799,0.564829446,0.64628773,0.041073591
188,0.902913857,0.249827167,0.009371996,0.007652203,0.001,"(25,)",10,"{'NN__alpha': 0.001, 'NN__hidden_layer_sizes': (25,), 'km__n_clusters': 10}",0.66863994,0.651155239,0.643001347,0.643065251,0.678437069,0.656859421,0.014274061,265,0.67702981,0.679042522,0.632817592,0.659461339,0.660815978,0.661833448,0.016587126
189,1.027882814,0.162461987,0.009371853,0.007652086,0.001,"(25,)",15,"{'NN__alpha': 0.001, 'NN__hidden_layer_sizes': (25,), 'km__n_clusters': 15}",0.667253653,0.663388285,0.688805326,0.673443966,0.666335744,0.67184353,0.00909086,92,0.67775458,0.678540257,0.669097457,0.670064056,0.64829407,0.668750084,0.010929082
190,1.290319443,0.090872134,0.012497091,0.011689672,0.001,"(25,)",20,"{'NN__alpha': 0.001, 'NN__hidden_layer_sizes': (25,), 'km__n_clusters': 20}",0.640645685,0.660965405,0.656547329,0.662793128,0.668605526,0.657905335,0.009462142,261,0.657314835,0.682880265,0.648145908,0.660183153,0.65931398,0.661567628,0.011484363
191,1.434036255,0.254277384,0.006248713,0.007653079,0.001,"(25,)",25,"{'NN__alpha': 0.001, 'NN__hidden_layer_sizes': (25,), 'km__n_clusters': 25}",0.619457974,0.652447858,0.672281106,0.66507963,0.676647996,0.657168664,0.020570944,263,0.629708131,0.665279602,0.64890956,0.675332777,0.656052136,0.655056441,0.015472267
192,1.855810785,0.283499249,0.006248569,0.007652903,0.001,"(25,)",30,"{'NN__alpha': 0.001, 'NN__hidden_layer_sizes': (25,), 'km__n_clusters': 30}",0.650031223,0.623029849,0.64235064,0.651429587,0.680157171,0.64938775,0.018413795,272,0.659806987,0.658609038,0.629379463,0.647727042,0.652607625,0.649626031,0.011016042
193,2.568142605,0.259257622,0.012496758,0.006248379,0.001,"(25,)",35,"{'NN__alpha': 0.001, 'NN__hidden_layer_sizes': (25,), 'km__n_clusters': 35}",0.670288498,0.658405145,0.682769595,0.662862099,0.677532082,0.670369096,0.008995716,124,0.673601862,0.678805932,0.671704407,0.680258962,0.672571252,0.675388483,0.003467037
194,3.273453665,0.360310841,0.034370661,0.011692565,0.001,"(25,)",40,"{'NN__alpha': 0.001, 'NN__hidden_layer_sizes': (25,), 'km__n_clusters': 40}",0.673373298,0.660047458,0.685478792,0.667949254,0.679741253,0.673315099,0.00887902,70,0.680223647,0.693585381,0.670565577,0.678941065,0.67101844,0.678866822,0.008354523
195,0.712331867,0.201894285,0.046864033,0.027942853,0.001,"(25, 25)",2,"{'NN__alpha': 0.001, 'NN__hidden_layer_sizes': (25, 25), 'km__n_clusters': 2}",0.632683902,0.6393718,0.666941966,0.647153367,0.65804456,0.648832355,0.012378888,274,0.648877149,0.655163873,0.646183982,0.650135477,0.643346778,0.648741452,0.003971206
196,0.655324173,0.098524658,0.012497425,0.006248713,0.001,"(25, 25)",3,"{'NN__alpha': 0.001, 'NN__hidden_layer_sizes': (25, 25), 'km__n_clusters': 3}",0.657187461,0.661752217,0.692402988,0.656247126,0.669171927,0.667351021,0.013333162,173,0.671606757,0.677685455,0.673890814,0.674329013,0.659841269,0.671470662,0.006130453
197,0.834179211,0.145404942,0.049987888,0.053569654,0.001,"(25, 25)",4,"{'NN__alpha': 0.001, 'NN__hidden_layer_sizes': (25, 25), 'km__n_clusters': 4}",0.663887848,0.657999251,0.683403618,0.653295991,0.664603102,0.664638776,0.010250276,212,0.67496232,0.678052208,0.673848838,0.649065134,0.647948407,0.664775381,0.01335915
198,1.027130651,0.188804761,0.032016993,0.020421229,0.001,"(25, 25)",5,"{'NN__alpha': 0.001, 'NN__hidden_layer_sizes': (25, 25), 'km__n_clusters': 5}",0.66528038,0.665192956,0.685368255,0.657392467,0.68816202,0.672276138,0.012198509,85,0.671696229,0.673974615,0.668576014,0.675804041,0.67143876,0.672297932,0.002451814
199,0.993360949,0.213263763,0.028117466,0.015304756,0.001,"(25, 25)",6,"{'NN__alpha': 0.001, 'NN__hidden_layer_sizes': (25, 25), 'km__n_clusters': 6}",0.669189459,0.659298114,0.685653982,0.649289387,0.680800903,0.668846042,0.01340691,157,0.673726417,0.676357211,0.671716922,0.650061471,0.667063838,0.667785172,0.009368957
200,1.010917759,0.186982406,0.037490654,0.007653137,0.001,"(25, 25)",7,"{'NN__alpha': 0.001, 'NN__hidden_layer_sizes': (25, 25), 'km__n_clusters': 7}",0.653615586,0.662401649,0.676400169,0.652476696,0.665740083,0.662126388,0.008745185,243,0.670474542,0.673238369,0.66369349,0.668743814,0.652848403,0.665799724,0.007183703
201,1.243456507,0.271397047,0.031245518,0.00988016,0.001,"(25, 25)",8,"{'NN__alpha': 0.001, 'NN__hidden_layer_sizes': (25, 25), 'km__n_clusters': 8}",0.639396778,0.660946672,0.669190244,0.661085566,0.674434644,0.661003602,0.011954674,251,0.653898755,0.67717419,0.667691648,0.67544131,0.664335277,0.667708236,0.008384314
202,1.24033432,0.187086761,0.031244516,0.013964391,0.001,"(25, 25)",9,"{'NN__alpha': 0.001, 'NN__hidden_layer_sizes': (25, 25), 'km__n_clusters': 9}",0.671075309,0.647383539,0.683403618,0.641203026,0.67040714,0.662695924,0.015840948,236,0.670116657,0.665117875,0.677099248,0.662522925,0.663623105,0.667695962,0.005371714
203,1.33406086,0.330140061,0.034366608,0.015306741,0.001,"(25, 25)",10,"{'NN__alpha': 0.001, 'NN__hidden_layer_sizes': (25, 25), 'km__n_clusters': 10}",0.666167104,0.653784189,0.664677003,0.661986373,0.657486519,0.660820335,0.004593694,252,0.670047401,0.679218465,0.653763926,0.666043657,0.661664956,0.666147681,0.008479578
204,1.474647284,0.24171714,0.024994564,0.02118896,0.001,"(25, 25)",15,"{'NN__alpha': 0.001, 'NN__hidden_layer_sizes': (25, 25), 'km__n_clusters': 15}",0.674921943,0.672623954,0.688187988,0.669094595,0.678836266,0.676732871,0.006543797,38,0.67968082,0.680599139,0.682500607,0.679613499,0.67502985,0.679484783,0.002459204
205,1.843314505,0.479551932,0.015620041,1.56E-06,0.001,"(25, 25)",20,"{'NN__alpha': 0.001, 'NN__hidden_layer_sizes': (25, 25), 'km__n_clusters': 20}",0.674590983,0.657418509,0.691214195,0.670831417,0.686214104,0.676048732,0.011916206,44,0.680550099,0.681249045,0.671279953,0.69374672,0.675233365,0.680411836,0.007599303
206,1.584001303,0.166672998,0.018745613,0.006249213,0.001,"(25, 25)",25,"{'NN__alpha': 0.001, 'NN__hidden_layer_sizes': (25, 25), 'km__n_clusters': 25}",0.662451605,0.650586986,0.6950955,0.671797015,0.679981608,0.671974637,0.015148142,88,0.66585973,0.665028143,0.691214689,0.68068762,0.669615203,0.674481077,0.0100588
207,1.933915949,0.436659681,0.01562252,1.18E-06,0.001,"(25, 25)",30,"{'NN__alpha': 0.001, 'NN__hidden_layer_sizes': (25, 25), 'km__n_clusters': 30}",0.653615586,0.659566629,0.630529451,0.651185052,0.678033691,0.654582809,0.015266172,267,0.670298338,0.674872588,0.633163048,0.668681796,0.673461403,0.664095435,0.015621726
208,2.655621529,0.191321036,0.012496614,0.011689353,0.001,"(25, 25)",35,"{'NN__alpha': 0.001, 'NN__hidden_layer_sizes': (25, 25), 'km__n_clusters': 35}",0.667659548,0.660871737,0.69067611,0.661077206,0.692022322,0.674456371,0.014008009,54,0.676810306,0.684379103,0.676871639,0.675160793,0.674341,0.677512568,0.003567715
209,2.871195889,0.530334137,0.02499547,0.025382807,0.001,"(25, 25)",40,"{'NN__alpha': 0.001, 'NN__hidden_layer_sizes': (25, 25), 'km__n_clusters': 40}",0.656369427,0.675496441,0.686206666,0.654621076,0.692181165,0.672971907,0.01524789,74,0.673428919,0.693608336,0.67942462,0.672315491,0.67070952,0.677897377,0.008389953
210,2.380686665,0.658811345,0.003124332,0.006248665,0.001,"(100, 25, 100)",2,"{'NN__alpha': 0.001, 'NN__hidden_layer_sizes': (100, 25, 100), 'km__n_clusters': 2}",0.616847758,0.633002373,0.664581065,0.640937591,0.65051206,0.64116768,0.016088942,292,0.642780975,0.656041761,0.644306529,0.645593,0.64940767,0.647625987,0.004746064
211,3.083646011,0.486683679,0.006248426,0.007652728,0.001,"(100, 25, 100)",3,"{'NN__alpha': 0.001, 'NN__hidden_layer_sizes': (100, 25, 100), 'km__n_clusters': 3}",0.66372549,0.662001998,0.673278023,0.656736195,0.686609121,0.66846657,0.010523894,161,0.67265498,0.678000169,0.666790335,0.677258092,0.676042604,0.674149236,0.004110127
212,3.071150017,1.045792084,0.00937252,0.007652631,0.001,"(100, 25, 100)",4,"{'NN__alpha': 0.001, 'NN__hidden_layer_sizes': (100, 25, 100), 'km__n_clusters': 4}",0.669183215,0.660447109,0.689139022,0.669995402,0.674825482,0.672714946,0.009431094,81,0.667783492,0.683527431,0.67256244,0.676372502,0.665199109,0.673088995,0.006487192
213,2.293207788,0.473653315,0.009373617,0.007653526,0.001,"(100, 25, 100)",5,"{'NN__alpha': 0.001, 'NN__hidden_layer_sizes': (100, 25, 100), 'km__n_clusters': 5}",0.659073311,0.656444361,0.678998828,0.670321448,0.670497011,0.667061828,0.008265856,177,0.667696629,0.678889664,0.666736627,0.682087079,0.662715104,0.671625021,0.007495932
214,2.958675385,0.707394839,0.00624876,0.007653137,0.001,"(100, 25, 100)",6,"{'NN__alpha': 0.001, 'NN__hidden_layer_sizes': (100, 25, 100), 'km__n_clusters': 6}",0.661945797,0.645453978,0.662741565,0.664260335,0.688573757,0.664585814,0.013796513,214,0.668369359,0.666422773,0.658536687,0.678109285,0.676885589,0.669664739,0.00720379
215,3.742865896,0.621767188,0.00624876,0.007653137,0.001,"(100, 25, 100)",7,"{'NN__alpha': 0.001, 'NN__hidden_layer_sizes': (100, 25, 100), 'km__n_clusters': 7}",0.678762333,0.658267766,0.692244483,0.672689462,0.694398696,0.679266414,0.013281884,22,0.688618423,0.684422274,0.677591229,0.677612615,0.679617277,0.681572364,0.004315561
216,3.474178314,1.49718931,0.003124285,0.006248569,0.001,"(100, 25, 100)",8,"{'NN__alpha': 0.001, 'NN__hidden_layer_sizes': (100, 25, 100), 'km__n_clusters': 8}",0.642275509,0.658355189,0.678429459,0.653883292,0.680800903,0.662741921,0.01475705,235,0.648362755,0.666902213,0.67245033,0.673871299,0.679512523,0.668219824,0.010708881
217,3.458558607,1.470117402,0.003123951,0.006247902,0.001,"(100, 25, 100)",9,"{'NN__alpha': 0.001, 'NN__hidden_layer_sizes': (100, 25, 100), 'km__n_clusters': 9}",0.668127888,0.657587111,0.67668381,0.665177862,0.691769427,0.671862846,0.011676655,91,0.667835401,0.676660318,0.684803036,0.67100502,0.680407103,0.676142176,0.006145916
218,5.295623922,2.255145465,0.012497902,0.006248951,0.001,"(100, 25, 100)",10,"{'NN__alpha': 0.001, 'NN__hidden_layer_sizes': (100, 25, 100), 'km__n_clusters': 10}",0.68122268,0.663731735,0.692006724,0.682945283,0.676716967,0.679321676,0.009248967,18,0.695771297,0.685522666,0.679654315,0.707214153,0.669662368,0.68756496,0.012966779
219,6.092309761,2.37051036,0.003124428,0.006248856,0.001,"(100, 25, 100)",15,"{'NN__alpha': 0.001, 'NN__hidden_layer_sizes': (100, 25, 100), 'km__n_clusters': 15}",0.664081429,0.668540027,0.677605646,0.667399574,0.711179618,0.67775188,0.01729377,27,0.678776717,0.70644746,0.667928644,0.695559854,0.702439757,0.690230486,0.014622036
220,3.642889118,0.650672195,0.006247997,0.007652203,0.001,"(100, 25, 100)",20,"{'NN__alpha': 0.001, 'NN__hidden_layer_sizes': (100, 25, 100), 'km__n_clusters': 20}",0.67166854,0.661845885,0.70152958,0.663363709,0.684567153,0.676592031,0.014846988,40,0.679660474,0.683264495,0.680099105,0.680487884,0.679445944,0.68059158,0.001383994
221,3.861587763,0.975969977,0.009372234,0.007652397,0.001,"(100, 25, 100)",25,"{'NN__alpha': 0.001, 'NN__hidden_layer_sizes': (100, 25, 100), 'km__n_clusters': 25}",0.673067316,0.661208942,0.696428199,0.681787401,0.673830623,0.677260141,0.011620162,32,0.690111132,0.691433768,0.683098962,0.702462167,0.665832585,0.686587723,0.012090027
222,5.564309883,1.078091898,0.003124571,0.006249142,0.001,"(100, 25, 100)",30,"{'NN__alpha': 0.001, 'NN__hidden_layer_sizes': (100, 25, 100), 'km__n_clusters': 30}",0.679236918,0.668796053,0.690580173,0.681375664,0.707168833,0.68542326,0.01288723,3,0.688142113,0.687414083,0.693767149,0.692743607,0.687382119,0.689889814,0.002780291
223,4.848854113,1.343309293,0.009373188,0.007653176,0.001,"(100, 25, 100)",35,"{'NN__alpha': 0.001, 'NN__hidden_layer_sizes': (100, 25, 100), 'km__n_clusters': 35}",0.688154115,0.664699638,0.681785191,0.660099068,0.67419011,0.673789413,0.010397987,61,0.692216576,0.6860801,0.674326218,0.67010145,0.666347366,0.677814342,0.009786668
224,5.023812485,1.049240532,0.006248665,0.00765302,0.001,"(100, 25, 100)",40,"{'NN__alpha': 0.001, 'NN__hidden_layer_sizes': (100, 25, 100), 'km__n_clusters': 40}",0.688990883,0.660609467,0.659175186,0.654947122,0.686776324,0.670101404,0.014655611,132,0.705315244,0.697559026,0.672427126,0.667428914,0.677258092,0.68399768,0.014779529
225,1.105988312,0.085788946,0.003124237,0.006248474,0.0001,"(50, 50)",2,"{'NN__alpha': 0.0001, 'NN__hidden_layer_sizes': (50, 50), 'km__n_clusters': 2}",0.642069439,0.634463594,0.64897451,0.636425198,0.642730845,0.640932182,0.005126073,293,0.646428428,0.648403708,0.638073991,0.644061816,0.647473365,0.644888261,0.003702176
226,1.393420362,0.333199066,0.006248474,0.007652787,0.0001,"(50, 50)",3,"{'NN__alpha': 0.0001, 'NN__hidden_layer_sizes': (50, 50), 'km__n_clusters': 3}",0.670756838,0.661427501,0.679632851,0.654359821,0.677111984,0.668657944,0.009516477,160,0.674687907,0.679322804,0.671109441,0.682817102,0.67138938,0.675865327,0.004567717
227,1.45278182,0.21847569,0,0,0.0001,"(50, 50)",4,"{'NN__alpha': 0.0001, 'NN__hidden_layer_sizes': (50, 50), 'km__n_clusters': 4}",0.667578369,0.653746722,0.683751914,0.656332818,0.669441542,0.666169365,0.01070484,195,0.672088807,0.676224308,0.670662044,0.673359645,0.656891343,0.669845229,0.006731237
228,2.402557373,0.603993368,0,0,0.0001,"(50, 50)",5,"{'NN__alpha': 0.0001, 'NN__hidden_layer_sizes': (50, 50), 'km__n_clusters': 5}",0.661208942,0.664293743,0.68297607,0.660408394,0.68333612,0.670440931,0.010458854,120,0.670575621,0.676590932,0.666404729,0.675667105,0.668220955,0.671491868,0.004021204
229,1.830817223,0.547094323,0.006248426,0.007652728,0.0001,"(50, 50)",6,"{'NN__alpha': 0.0001, 'NN__hidden_layer_sizes': (50, 50), 'km__n_clusters': 6}",0.658511303,0.66903959,0.676304231,0.659841993,0.667533336,0.666246126,0.006503718,193,0.673310363,0.67519891,0.673104219,0.671393158,0.662640969,0.671129524,0.004412266
230,2.012023497,0.341160648,0.006248617,0.012497234,0.0001,"(50, 50)",7,"{'NN__alpha': 0.0001, 'NN__hidden_layer_sizes': (50, 50), 'km__n_clusters': 7}",0.682028225,0.638741102,0.679933177,0.668185428,0.677458931,0.669264296,0.015986066,153,0.675545579,0.660009276,0.671526595,0.676570675,0.663832613,0.669496948,0.006524471
231,2.544597769,1.138786804,0.003124142,0.006248283,0.0001,"(50, 50)",8,"{'NN__alpha': 0.0001, 'NN__hidden_layer_sizes': (50, 50), 'km__n_clusters': 8}",0.665118022,0.655389035,0.669063023,0.654046315,0.686617481,0.666042661,0.011749474,196,0.668716028,0.673541475,0.675768788,0.67376433,0.673760552,0.673110235,0.002341524
232,2.696849346,0.571024576,0.003124475,0.006248951,0.0001,"(50, 50)",9,"{'NN__alpha': 0.0001, 'NN__hidden_layer_sizes': (50, 50), 'km__n_clusters': 9}",0.64536031,0.663887848,0.681057316,0.665821594,0.684232747,0.668063635,0.013917275,162,0.667852487,0.680752127,0.668591658,0.689201898,0.673744786,0.676028591,0.008040152
233,2.196967363,0.638447684,0.006248903,0.007653312,0.0001,"(50, 50)",10,"{'NN__alpha': 0.0001, 'NN__hidden_layer_sizes': (50, 50), 'km__n_clusters': 10}",0.671587361,0.660278506,0.683735229,0.665740083,0.692666054,0.67479603,0.011850125,52,0.671384123,0.683475522,0.683793523,0.678658333,0.681708583,0.679804017,0.004587607
234,2.877445745,0.787685683,0.006248283,0.007652553,0.0001,"(50, 50)",15,"{'NN__alpha': 0.0001, 'NN__hidden_layer_sizes': (50, 50), 'km__n_clusters': 15}",0.658423879,0.654477332,0.693702318,0.676631275,0.693322326,0.675299783,0.016637359,48,0.67236322,0.674641867,0.682617411,0.691162391,0.686373013,0.68143158,0.007054757
235,2.580626822,0.395988936,0.006248665,0.00765302,0.0001,"(50, 50)",20,"{'NN__alpha': 0.0001, 'NN__hidden_layer_sizes': (50, 50), 'km__n_clusters': 20}",0.672536531,0.657106282,0.671375955,0.664346027,0.697817999,0.672629922,0.013748856,82,0.670139873,0.683281842,0.663040644,0.682779708,0.684271153,0.676702644,0.008569937
236,2.893609762,0.657909323,0.003124094,0.006248188,0.0001,"(50, 50)",25,"{'NN__alpha': 0.0001, 'NN__hidden_layer_sizes': (50, 50), 'km__n_clusters': 25}",0.669120769,0.652204321,0.69675981,0.673838983,0.691618944,0.676699559,0.016069068,39,0.672415259,0.663278367,0.685787779,0.689885536,0.67575023,0.677423435,0.009520826
237,5.557326889,0.952313562,0.009372997,0.00765302,0.0001,"(50, 50)",30,"{'NN__alpha': 0.0001, 'NN__hidden_layer_sizes': (50, 50), 'km__n_clusters': 30}",0.664175097,0.676058449,0.698693162,0.66934749,0.676622915,0.676978252,0.011787854,33,0.678476219,0.692077934,0.691097365,0.693716753,0.668399715,0.684753597,0.009809
238,6.160986757,1.137042145,0.006249857,0.007654481,0.0001,"(50, 50)",35,"{'NN__alpha': 0.0001, 'NN__hidden_layer_sizes': (50, 50), 'km__n_clusters': 35}",0.672486574,0.674516048,0.700847588,0.671067592,0.687994817,0.681380063,0.011447891,9,0.684018088,0.695751081,0.693210249,0.687182382,0.679973233,0.688027007,0.005799576
239,14.9467638,6.890024388,0.021870136,0.015930359,0.0001,"(50, 50)",40,"{'NN__alpha': 0.0001, 'NN__hidden_layer_sizes': (50, 50), 'km__n_clusters': 40}",0.683170975,0.674272512,0.699137395,0.684901559,0.692747565,0.686841878,0.00850202,1,0.698058552,0.704102426,0.680912555,0.692441461,0.677110733,0.690525145,0.010169714
240,0.777909088,0.109875873,0.003124046,0.006248093,0.0001,"(50,)",2,"{'NN__alpha': 0.0001, 'NN__hidden_layer_sizes': (50,), 'km__n_clusters': 2}",0.612195579,0.642968652,0.663139915,0.64731639,0.659846173,0.64508273,0.018088257,278,0.63673684,0.652715022,0.646996128,0.649275294,0.646394813,0.646423619,0.005326839
241,0.895373297,0.145345966,0.003124571,0.006249142,0.0001,"(50,)",3,"{'NN__alpha': 0.0001, 'NN__hidden_layer_sizes': (50,), 'km__n_clusters': 3}",0.673367054,0.665917322,0.685970993,0.658370606,0.683258789,0.673376474,0.010361704,68,0.671964773,0.677746102,0.673556309,0.679650892,0.671500127,0.674883641,0.003245
242,1.027882862,0.296130303,0.003124523,0.006249046,0.0001,"(50,)",4,"{'NN__alpha': 0.0001, 'NN__hidden_layer_sizes': (50,), 'km__n_clusters': 4}",0.664543524,0.660059948,0.689297528,0.666962756,0.672375956,0.670644935,0.010137837,118,0.673044819,0.67178557,0.675444191,0.675907232,0.664887973,0.672213957,0.003965314
243,0.902912521,0.152546508,0,0,0.0001,"(50,)",5,"{'NN__alpha': 0.0001, 'NN__hidden_layer_sizes': (50,), 'km__n_clusters': 5}",0.657849382,0.652360435,0.680504632,0.659837813,0.686278895,0.667358903,0.013435974,172,0.667716845,0.676250263,0.667036456,0.668416913,0.667839462,0.669451988,0.003427351
244,0.977894115,0.217937653,0.012497425,0.011690207,0.0001,"(50,)",6,"{'NN__alpha': 0.0001, 'NN__hidden_layer_sizes': (50,), 'km__n_clusters': 6}",0.654733358,0.664381166,0.679887294,0.657221084,0.681037077,0.667448089,0.011089958,170,0.670552797,0.681087057,0.669236682,0.670954076,0.666664365,0.671698995,0.004927776
245,1.084117937,0.303166199,0.006249523,0.007654071,0.0001,"(50,)",7,"{'NN__alpha': 0.0001, 'NN__hidden_layer_sizes': (50,), 'km__n_clusters': 7}",0.660896715,0.66413763,0.668937887,0.672127242,0.683018434,0.669817436,0.007643893,141,0.665325511,0.681575106,0.669172283,0.66886277,0.667985389,0.670584212,0.005659761
246,1.03653326,0.214800934,0.015621853,0.00988061,0.0001,"(50,)",8,"{'NN__alpha': 0.0001, 'NN__hidden_layer_sizes': (50,), 'km__n_clusters': 8}",0.655907331,0.662820032,0.678506626,0.6580571,0.679080801,0.666870621,0.009986714,182,0.660159394,0.67967795,0.6641959,0.663287344,0.670301838,0.667524485,0.006909382
247,1.343431711,0.170551961,0.012497425,0.006248713,0.0001,"(50,)",9,"{'NN__alpha': 0.0001, 'NN__hidden_layer_sizes': (50,), 'km__n_clusters': 9}",0.660147371,0.66479955,0.659177272,0.662715797,0.69194081,0.667750097,0.012247287,164,0.679077215,0.676024759,0.665559732,0.665211877,0.672600438,0.671694804,0.005545018
248,1.271574354,0.09558439,0.009372711,0.007652787,0.0001,"(50,)",10,"{'NN__alpha': 0.0001, 'NN__hidden_layer_sizes': (50,), 'km__n_clusters': 10}",0.66406894,0.654477332,0.665753173,0.662964511,0.67097772,0.663645193,0.005346638,225,0.672660588,0.67515587,0.65473798,0.661353039,0.660104587,0.664802413,0.007800071
249,1.402793407,0.121565424,0.009372616,0.012496781,0.0001,"(50,)",15,"{'NN__alpha': 0.0001, 'NN__hidden_layer_sizes': (50,), 'km__n_clusters': 15}",0.680073686,0.636255776,0.691214195,0.64029804,0.685716674,0.666709698,0.02351764,185,0.675799646,0.673206675,0.675735416,0.670863654,0.666830486,0.672487176,0.003366754
250,2.021397543,0.288482365,0.003124285,0.006248569,0.0001,"(50,)",20,"{'NN__alpha': 0.0001, 'NN__hidden_layer_sizes': (50,), 'km__n_clusters': 20}",0.683583115,0.658979643,0.677223981,0.660905823,0.669167747,0.66997461,0.009399529,135,0.675614834,0.682271182,0.673343039,0.683258398,0.663495159,0.675596522,0.007138304
251,2.415053606,0.453029234,0.009373665,0.012497902,0.0001,"(50,)",25,"{'NN__alpha': 0.0001, 'NN__hidden_layer_sizes': (50,), 'km__n_clusters': 25}",0.661720994,0.654658424,0.679299154,0.671882707,0.664843456,0.666476795,0.008470291,186,0.674563352,0.680561577,0.674065237,0.669067719,0.660590053,0.671769587,0.006673174
252,4.559456539,0.721526162,0.003124094,0.006248188,0.0001,"(50,)",30,"{'NN__alpha': 0.0001, 'NN__hidden_layer_sizes': (50,), 'km__n_clusters': 30}",0.671356313,0.633052329,0.664420474,0.670248297,0.689495465,0.665703283,0.018368092,202,0.676192093,0.64693891,0.652289027,0.685525598,0.667977962,0.665784718,0.014423067
253,4.072441196,0.761751591,0,0,0.0001,"(50,)",35,"{'NN__alpha': 0.0001, 'NN__hidden_layer_sizes': (50,), 'km__n_clusters': 35}",0.683583115,0.66110903,0.687332891,0.652338754,0.683674706,0.67360947,0.014124554,65,0.687145669,0.685366809,0.679019981,0.655835983,0.681496208,0.67777293,0.011332809
254,6.373494959,4.566950388,0.012497091,0.018217301,0.0001,"(50,)",40,"{'NN__alpha': 0.0001, 'NN__hidden_layer_sizes': (50,), 'km__n_clusters': 40}",0.669208193,0.663956538,0.654880933,0.665169502,0.694733102,0.669584197,0.013411354,148,0.677578506,0.688312447,0.654899106,0.6871502,0.674818257,0.676551703,0.012029442
255,0.468638515,0.121405204,0.003124237,0.006248474,0.0001,"(25,)",2,"{'NN__alpha': 0.0001, 'NN__hidden_layer_sizes': (25,), 'km__n_clusters': 2}",0.640926689,0.63169102,0.660176275,0.642572002,0.644695481,0.644009304,0.00922293,280,0.646491945,0.645019191,0.645043848,0.650444398,0.642041519,0.64580818,0.002733368
256,0.671715641,0.203676321,0,0,0.0001,"(25,)",3,"{'NN__alpha': 0.0001, 'NN__hidden_layer_sizes': (25,), 'km__n_clusters': 3}",0.67025103,0.644504808,0.686381857,0.659507587,0.673508757,0.666827081,0.014078612,184,0.668750851,0.667318529,0.672198995,0.666566386,0.663864665,0.667739885,0.002737798
257,0.562367058,0.097305387,0,0,0.0001,"(25,)",4,"{'NN__alpha': 0.0001, 'NN__hidden_layer_sizes': (25,), 'km__n_clusters': 4}",0.647052579,0.664050206,0.6763376,0.644862684,0.677364879,0.661931319,0.013875379,245,0.657121807,0.676267479,0.669550851,0.670660139,0.663406951,0.667401445,0.006564641
258,0.671716785,0.065534947,0,0,0.0001,"(25,)",5,"{'NN__alpha': 0.0001, 'NN__hidden_layer_sizes': (25,), 'km__n_clusters': 5}",0.658186587,0.65390908,0.672454211,0.657958868,0.673276763,0.663153195,0.008075614,232,0.670904813,0.6699608,0.662825549,0.674781514,0.667915813,0.669277698,0.003921507
259,0.712330627,0.076272898,0.003124809,0.006249619,0.0001,"(25,)",6,"{'NN__alpha': 0.0001, 'NN__hidden_layer_sizes': (25,), 'km__n_clusters': 6}",0.658105408,0.635450231,0.699485691,0.659931865,0.671226435,0.664832252,0.020857491,207,0.678875057,0.66037629,0.66601834,0.665041326,0.659397757,0.665941754,0.006955361
260,0.827928829,0.156836909,0,0,0.0001,"(25,)",7,"{'NN__alpha': 0.0001, 'NN__hidden_layer_sizes': (25,), 'km__n_clusters': 7}",0.666104658,0.641669789,0.674959018,0.63980061,0.6758078,0.659666776,0.015837247,257,0.672857007,0.666821611,0.672883909,0.655995981,0.664151175,0.666541937,0.006278724
261,0.902911425,0.185203921,0.009372568,0.00765267,0.0001,"(25,)",8,"{'NN__alpha': 0.0001, 'NN__hidden_layer_sizes': (25,), 'km__n_clusters': 8}",0.668465093,0.646334457,0.677478424,0.5,0.668854241,0.632256228,0.066884639,300,0.662865443,0.66542672,0.665851739,0.5,0.665877536,0.632004288,0.066011588
262,0.818555593,0.143716164,0.003124285,0.006248569,0.0001,"(25,)",9,"{'NN__alpha': 0.0001, 'NN__hidden_layer_sizes': (25,), 'km__n_clusters': 9}",0.671243912,0.625090546,0.684876053,0.659434435,0.568160348,0.641775087,0.04178704,288,0.671008891,0.657621202,0.664908972,0.672824799,0.564829446,0.646238662,0.041051163
263,0.956024361,0.222546898,0,0,0.0001,"(25,)",10,"{'NN__alpha': 0.0001, 'NN__hidden_layer_sizes': (25,), 'km__n_clusters': 10}",0.662351692,0.651804671,0.670379037,0.650842286,0.672624671,0.661598571,0.009063257,248,0.672045506,0.681754179,0.662022007,0.668501473,0.657156095,0.668295852,0.008469759
264,0.971644497,0.121565201,0.009372997,0.012497151,0.0001,"(25,)",15,"{'NN__alpha': 0.0001, 'NN__hidden_layer_sizes': (25,), 'km__n_clusters': 15}",0.667665792,0.665024354,0.688805326,0.673443966,0.665353426,0.672057326,0.008900912,86,0.671872171,0.687272833,0.668586443,0.670064056,0.649070476,0.669373196,0.01216502
265,1.318437719,0.253161746,0.009372473,0.018744946,0.0001,"(25,)",20,"{'NN__alpha': 0.0001, 'NN__hidden_layer_sizes': (25,), 'km__n_clusters': 20}",0.653534407,0.658024229,0.667986852,0.65754713,0.671878527,0.661790583,0.006935113,247,0.665810821,0.682449994,0.649452642,0.667066053,0.667075043,0.666370911,0.01045043
266,1.562130928,0.25072059,0.009372616,0.012496722,0.0001,"(25,)",25,"{'NN__alpha': 0.0001, 'NN__hidden_layer_sizes': (25,), 'km__n_clusters': 25}",0.619457974,0.662351692,0.671219535,0.66507963,0.675584166,0.658726588,0.02018432,260,0.629708131,0.671438901,0.64837821,0.675067243,0.656031941,0.656124885,0.016438957
267,1.790200901,0.251031074,0.003124332,0.006248665,0.0001,"(25,)",30,"{'NN__alpha': 0.0001, 'NN__hidden_layer_sizes': (25,), 'km__n_clusters': 30}",0.650031223,0.627032596,0.641368321,0.651429587,0.679174853,0.649796389,0.017056873,271,0.660072662,0.659715038,0.629665474,0.647727042,0.652157338,0.649867511,0.011127139
268,2.2432199,0.211575354,0,0,0.0001,"(25,)",35,"{'NN__alpha': 0.0001, 'NN__hidden_layer_sizes': (25,), 'km__n_clusters': 35}",0.669308105,0.659635319,0.668287179,0.662862099,0.677532082,0.66752262,0.006129178,167,0.673336187,0.675646658,0.656652716,0.680279157,0.672571252,0.671697194,0.007987928
269,2.480664396,0.201605678,0.024993706,0.007652144,0.0001,"(25,)",40,"{'NN__alpha': 0.0001, 'NN__hidden_layer_sizes': (25,), 'km__n_clusters': 40}",0.673373298,0.649175721,0.689900267,0.664839276,0.679741253,0.671401467,0.013806411,102,0.680223647,0.682877656,0.670162242,0.678369607,0.671263779,0.676579386,0.005011769
270,0.512378788,0.096499561,0.009373331,0.007653293,0.0001,"(25, 25)",2,"{'NN__alpha': 0.0001, 'NN__hidden_layer_sizes': (25, 25), 'km__n_clusters': 2}",0.637660797,0.64051455,0.665563384,0.645188731,0.655179116,0.648816786,0.010272452,275,0.649581833,0.656757922,0.644714557,0.650175867,0.643202415,0.648886519,0.004771146
271,0.518625212,0.085216857,0.006248474,0.007652787,0.0001,"(25, 25)",3,"{'NN__alpha': 0.0001, 'NN__hidden_layer_sizes': (25, 25), 'km__n_clusters': 3}",0.673129761,0.657749469,0.692213199,0.656247126,0.669171927,0.669703411,0.012981941,145,0.675164348,0.678499825,0.667897097,0.674369403,0.659841269,0.671154388,0.006617676
272,0.640473843,0.067732703,0.018745375,0.006249452,0.0001,"(25, 25)",4,"{'NN__alpha': 0.0001, 'NN__hidden_layer_sizes': (25, 25), 'km__n_clusters': 4}",0.663887848,0.65808043,0.686588331,0.654690047,0.658872215,0.66442549,0.01146535,216,0.67496232,0.677786534,0.67307215,0.660252729,0.64906813,0.667028373,0.010804559
273,0.765443611,0.122207525,0.006248569,0.007652903,0.0001,"(25, 25)",5,"{'NN__alpha': 0.0001, 'NN__hidden_layer_sizes': (25, 25), 'km__n_clusters': 5}",0.667403522,0.662089422,0.678982143,0.657392467,0.68816202,0.670802637,0.011270825,115,0.674699515,0.674612783,0.669117793,0.675558702,0.672215166,0.673240792,0.002342391
274,0.743576288,0.130551074,0.015620375,0.009879705,0.0001,"(25, 25)",6,"{'NN__alpha': 0.0001, 'NN__hidden_layer_sizes': (25, 25), 'km__n_clusters': 6}",0.669189459,0.669757712,0.684592411,0.649289387,0.678106843,0.67018952,0.011896394,130,0.673480958,0.676677664,0.672063941,0.650061471,0.666057077,0.667668222,0.009453822
275,0.924781895,0.224076583,0.012496042,0.006248021,0.0001,"(25, 25)",7,"{'NN__alpha': 0.0001, 'NN__hidden_layer_sizes': (25, 25), 'km__n_clusters': 7}",0.654677157,0.66232047,0.670935893,0.640032605,0.683589015,0.662309676,0.014702627,241,0.670740217,0.673483828,0.662669638,0.665562621,0.67201999,0.668895259,0.004100917
276,1.180970383,0.28007043,0.021868944,0.015930686,0.0001,"(25, 25)",8,"{'NN__alpha': 0.0001, 'NN__hidden_layer_sizes': (25, 25), 'km__n_clusters': 8}",0.639396778,0.65881104,0.667146355,0.657889897,0.674254901,0.659492868,0.011692462,258,0.653898755,0.674119126,0.668509009,0.676084558,0.658670731,0.666256436,0.008645729
277,1.230958843,0.366939278,0.015619373,0.009879404,0.0001,"(25, 25)",9,"{'NN__alpha': 0.0001, 'NN__hidden_layer_sizes': (25, 25), 'km__n_clusters': 9}",0.670013738,0.657031348,0.662186795,0.655847929,0.660669648,0.66115204,0.005000307,250,0.667379046,0.673394096,0.68028526,0.666554529,0.6524131,0.668005206,0.009224426
278,1.01226182,0.158815585,0.015620852,0.009880082,0.0001,"(25, 25)",10,"{'NN__alpha': 0.0001, 'NN__hidden_layer_sizes': (25, 25), 'km__n_clusters': 10}",0.670263519,0.667903085,0.67782672,0.656410149,0.657486519,0.665982952,0.008074258,197,0.671245742,0.677950869,0.668940763,0.680277724,0.661399423,0.671962904,0.006726466
279,1.209089661,0.147405015,0.021869373,0.012496912,0.0001,"(25, 25)",15,"{'NN__alpha': 0.0001, 'NN__hidden_layer_sizes': (25, 25), 'km__n_clusters': 15}",0.663344573,0.666985138,0.688187988,0.665002299,0.678836266,0.672468496,0.009557464,84,0.678285799,0.671456508,0.681723919,0.67888048,0.67502985,0.677075311,0.003523871
280,1.524639225,0.198236485,0.031243086,0.022091726,0.0001,"(25, 25)",20,"{'NN__alpha': 0.0001, 'NN__hidden_layer_sizes': (25, 25), 'km__n_clusters': 20}",0.678762333,0.65733733,0.69234042,0.675657317,0.684815868,0.677777679,0.011706879,26,0.682949781,0.678999482,0.675513803,0.679395912,0.677801146,0.678932025,0.002421786
281,1.805822515,0.281113818,0.034366322,0.022958626,0.0001,"(25, 25)",25,"{'NN__alpha': 0.0001, 'NN__hidden_layer_sizes': (25, 25), 'km__n_clusters': 25}",0.66479955,0.676070938,0.685889655,0.670814697,0.679900096,0.675492978,0.007268538,45,0.677087588,0.680552708,0.679406891,0.682526161,0.669595008,0.677833671,0.004479283
282,1.862058449,0.271181429,0.009372282,0.007652436,0.0001,"(25, 25)",30,"{'NN__alpha': 0.0001, 'NN__hidden_layer_sizes': (25, 25), 'km__n_clusters': 30}",0.652554015,0.668552517,0.630529451,0.650202734,0.675991723,0.65556505,0.015812979,266,0.670298338,0.680232255,0.632897373,0.668722186,0.664485633,0.663327157,0.016067357
283,2.38068614,0.13782145,0.015622234,0.017112499,0.0001,"(25, 25)",35,"{'NN__alpha': 0.0001, 'NN__hidden_layer_sizes': (25, 25), 'km__n_clusters': 35}",0.671574872,0.66830898,0.691262164,0.668935752,0.696436484,0.679298449,0.012036819,20,0.67631078,0.677592853,0.675362846,0.680595635,0.680439285,0.67806028,0.002128054
284,2.543147755,0.313268306,0,0,0.0001,"(25, 25)",40,"{'NN__alpha': 0.0001, 'NN__hidden_layer_sizes': (25, 25), 'km__n_clusters': 40}",0.661021606,0.673529412,0.678698501,0.666404715,0.680487397,0.672025808,0.00736334,87,0.676570846,0.690960326,0.669774549,0.67272239,0.663812418,0.674768106,0.009105883
285,2.574391079,0.678144951,0.003124237,0.006248474,0.0001,"(100, 25, 100)",2,"{'NN__alpha': 0.0001, 'NN__hidden_layer_sizes': (100, 25, 100), 'km__n_clusters': 2}",0.617259898,0.630398401,0.666387196,0.639629227,0.65051206,0.640828686,0.016812514,294,0.641827963,0.649394021,0.642938786,0.644453081,0.648671654,0.645457101,0.003044776
286,2.761847639,0.68259163,0.003123951,0.006247902,0.0001,"(100, 25, 100)",3,"{'NN__alpha': 0.0001, 'NN__hidden_layer_sizes': (100, 25, 100), 'km__n_clusters': 3}",0.664705882,0.662001998,0.685668581,0.656654684,0.678844627,0.66957336,0.010888042,149,0.671938818,0.67886071,0.670566881,0.677688184,0.670375192,0.673885957,0.003642477
287,2.358818102,0.685346294,0.006248379,0.00765267,0.0001,"(100, 25, 100)",4,"{'NN__alpha': 0.0001, 'NN__hidden_layer_sizes': (100, 25, 100), 'km__n_clusters': 4}",0.671225178,0.665592606,0.691658429,0.666070309,0.681041257,0.675115455,0.009964009,50,0.665574361,0.682502294,0.672294158,0.672314709,0.672339334,0.673004971,0.005419186
288,2.655622721,0.800810067,0.009372854,0.007652903,0.0001,"(100, 25, 100)",5,"{'NN__alpha': 0.0001, 'NN__hidden_layer_sizes': (100, 25, 100), 'km__n_clusters': 5}",0.664218809,0.658405145,0.678175015,0.66344104,0.671397818,0.667125073,0.00690604,176,0.669775858,0.678277452,0.666163301,0.683238203,0.664062968,0.672303556,0.007310995
289,2.7212327,0.414644264,0.009374475,0.007654228,0.0001,"(100, 25, 100)",6,"{'NN__alpha': 0.0001, 'NN__hidden_layer_sizes': (100, 25, 100), 'km__n_clusters': 6}",0.667172474,0.669120769,0.671630398,0.665324165,0.681135309,0.670874548,0.00553752,114,0.676827652,0.682883264,0.661722178,0.679947826,0.666365998,0.673549384,0.008127635
290,3.936570597,0.9559426,0.01249671,0.006248355,0.0001,"(100, 25, 100)",7,"{'NN__alpha': 0.0001, 'NN__hidden_layer_sizes': (100, 25, 100), 'km__n_clusters': 7}",0.671081554,0.656631697,0.687777124,0.668678677,0.673761652,0.671583135,0.009994389,95,0.688817712,0.685600529,0.679955448,0.683595723,0.673046946,0.682203272,0.005405962
291,3.589776421,1.229801835,0.009372663,0.007652748,0.0001,"(100, 25, 100)",8,"{'NN__alpha': 0.0001, 'NN__hidden_layer_sizes': (100, 25, 100), 'km__n_clusters': 8}",0.680804296,0.657930561,0.672028748,0.663865318,0.676704427,0.670266295,0.008353832,127,0.682643674,0.689288284,0.664782522,0.667362335,0.672379724,0.675291308,0.009292504
292,3.199243546,0.704408762,0,0,0.0001,"(100, 25, 100)",9,"{'NN__alpha': 0.0001, 'NN__hidden_layer_sizes': (100, 25, 100), 'km__n_clusters': 9}",0.666985138,0.655707506,0.688949232,0.639161058,0.685056222,0.66717152,0.018488823,175,0.668511131,0.676576585,0.684107171,0.677823687,0.674334224,0.67627056,0.005057202
293,4.130273485,1.190774873,0.009373522,0.007653449,0.0001,"(100, 25, 100)",10,"{'NN__alpha': 0.0001, 'NN__hidden_layer_sizes': (100, 25, 100), 'km__n_clusters': 10}",0.672317972,0.667403522,0.687760439,0.668026585,0.688835012,0.676865208,0.009488845,37,0.684621693,0.682961258,0.674954817,0.684020603,0.678157232,0.680943121,0.003760229
294,6.17592001,2.572033664,0.006739187,0.006040069,0.0001,"(100, 25, 100)",15,"{'NN__alpha': 0.0001, 'NN__hidden_layer_sizes': (100, 25, 100), 'km__n_clusters': 15}",0.671681029,0.666591732,0.682120973,0.672470008,0.708485558,0.680261149,0.014970908,14,0.681569106,0.694289935,0.672245664,0.703667232,0.693285228,0.689011433,0.010930687
295,4.374770498,0.652411493,0.00554409,0.006880804,0.0001,"(100, 25, 100)",20,"{'NN__alpha': 0.0001, 'NN__hidden_layer_sizes': (100, 25, 100), 'km__n_clusters': 20}",0.674772074,0.663232172,0.689773045,0.678926138,0.702240522,0.681779982,0.013294848,8,0.683423222,0.679435361,0.683269474,0.689067307,0.687463551,0.684531783,0.003404764
296,4.286762667,0.805609174,0.009649563,0.005144948,0.0001,"(100, 25, 100)",25,"{'NN__alpha': 0.0001, 'NN__hidden_layer_sizes': (100, 25, 100), 'km__n_clusters': 25}",0.689721494,0.6606282,0.691358102,0.671719684,0.681530326,0.678990969,0.011532583,23,0.697437471,0.696325732,0.68287396,0.694819278,0.679693497,0.690229988,0.007420192
297,5.674196672,1.315774325,0.009671354,0.005163432,0.0001,"(100, 25, 100)",30,"{'NN__alpha': 0.0001, 'NN__hidden_layer_sizes': (100, 25, 100), 'km__n_clusters': 30}",0.672542775,0.66675409,0.676921569,0.683018434,0.685532751,0.676947954,0.006839352,35,0.686285258,0.6878617,0.673338346,0.707149789,0.66801744,0.684530507,0.013592305
298,6.212361336,1.407042392,0.009169006,0.004374741,0.0001,"(100, 25, 100)",35,"{'NN__alpha': 0.0001, 'NN__hidden_layer_sizes': (100, 25, 100), 'km__n_clusters': 35}",0.684163857,0.677126265,0.672310304,0.652737951,0.683108306,0.673894529,0.011405984,60,0.691867038,0.707755487,0.691307767,0.67142091,0.676062148,0.68768267,0.012907747
299,4.841558599,1.038715052,0.008658028,0.007188639,0.0001,"(100, 25, 100)",40,"{'NN__alpha': 0.0001, 'NN__hidden_layer_sizes': (100, 25, 100), 'km__n_clusters': 40}",0.672093168,0.671893343,0.668381031,0.665829954,0.691541613,0.67394509,0.009096326,59,0.684355757,0.703631854,0.677247338,0.677539391,0.676703181,0.683895504,0.010257321
,,,,,,,,,,,,,,,,,,,,,,,
,2.239957491,,0.009051598,,,,,,,,,,,0.666917683,,,,,,,,,
